"","X","Q8","STEM_Non.STEM","satacad","satlife","satoverall","respect9","intclimate10","socclimate11","collegial12","sameuniv13","samefield14","recommend15","curriculum16","teaching17","advising18","candidacy19","interdisc20","employment21","progqual22","Q21","Q23","Q24","htopicadv","hresearchadv","hwritingadv","hacadadv","hnonacadadv","hemployadv","Q32","Q38","Q39","Q40","Q42","Q45","Q46","Q47","Q48","Q49","Q90_1","Q99","sameuniv91","samefield92","recommend93","curriculum94","teaching95","advising96","candidacy97","interdisc98","employment99","progqual100","respect101","intclimate102","socclimate103","collegial104","workcomm","family","availfac","progreq","coursesched","immigration","Sex_ANOVA_Code","Citizenship_ANOVA_Code","Hispanic_Latino_ANOVA_Code","Race_Ethnicy_ANOVA_Code","Underrepresented"
"1",1,1,0,4,3,3,4,3,3,4,5,5,5,3,4,3,3,4,2,3,1,1,1,4,4,4,4,3,4,1,0,3.34117647058824,0,0,1,0,2,1,0,2,1,5,5,5,3,3,3,2,3,1,3,4,3,3,4,3,3,1,2,2,0,1,1,2,5,1
"2",2,1,0,5,3,5,5,5,5,5,4,5,5,5,5,4,5,2,1,5,2,1,0,4,3,4,3,2,1,1,1,4,1,0,1,5,1,0,0,4,0.938172043010753,4,5,5,5,5,5,5,2,1,5,5,5,5,5,3,1,1,1,1,1,2,1,2,5,1
"3",3,1,1,4,3,3,4,4,4,4,3,4,4,4,4,3,4,2,3,4,1,1,0,3,4,4,3,3,3,1,1,2,0,1,15,3,0,2,3,1,1,3,4,4,4,4,3,4,2,3,4,4,4,4,4,2,1,1,1,1,0,2,2,2,1,1
"4",4,2,0,4,3,4,3,4,3,5,3,5,3,4,4,1,3,5,1,3,1,0,0,1,1,3,2,1,2,1,1,4,1,1,5,7,1,13,2,2,1,2,5,3,5,5,1,2,5,2,3,3,5,3,5,2,0,3,3,2,0,2,1,2,5,1
"5",5,3,1,4,4,4,5,5,5,5,4,5,4,4,4,5,4,5,4,4,2,1,1,4,4,4,4,4,4,1,0,3.34117647058824,0,0,10,5,1,5,1,4,1,4,5,4,4,4,5,4,5,4,4,5,5,5,5,2,2,1,1,2,0,2,1,2,4,1
"6",6,1,1,2,2,2,3,3,3,3,3,3,3,2,2,2,2,1,2,2,1,1,1,2,2,2,3,3,3,0,1,3,0,0,5,0,2,0,0,5,1,1,1,2,2,2,2,2,2,3,2,3,3,3,3,3,3,2,2,2,1,1,1,2,5,1
"7",7,1,0,5,4,3,5,5,5,5,4,4,3,5,5,3,3,3,2,4,2,1,0,4,4,4,4,4,3,1,1,4,1,0,2,6,1,2,0,3,1,3,4,3,5,5,4,3,3,2,4,5,5,5,5,3,1,1,1,1,1,1,1,2,5,1
"8",8,6,1,4,4,3,4,3,3,4,3,2,3,3,5,3,2,5,1,4,0,1,0,4,4,3,1,1,1,1,1,3,1,1,4,7,1,6,2,1,1,3,2,3,3,5,2,1,5,1,4,3,3,3,3,1,3,1,1,1,1,2,1,2,5,1
"9",9,1,1,2,2,3,4,3,3,4,2,4,2,1,2,3,3,3,1,3,2,1,0,2,3,1,2,2,2,0,1,3,1,1,12,5,1,3,1,1,1,2,4,2,2,2,4,3,3,1,2,3,3,3,4,1,2,3,1,2,1,1,1,2,5,1
"10",10,6,1,4,4,2,3,4,4,4,4,4,3,5,4,2,3,3,3.02010050251256,3,0,1,0,4,3,4,0,4,0,1,1,4,0,1,0,2,2,3,2,7,1,4,4,3,4,4,2,3,3,3,2,3,4,4,4,3,1,1,2,2,1,2,1,2,5,1
"11",11,3,1,4,4,4,4,4,4,4,5,5,5,4,4,4,4,4,2,4,1,1,1,4,4,4,4,4,4,1,0,3.34117647058824,1,1,10,4,1,3,5,1,1,4,4,5,4,4,4,4,4,4,4,4,4,4,4,1,1,1,1,1,1,1,1,2,5,1
"12",12,1,1,4,5,5,4,4,4,4,5,4,5,3,3,3,2,5,4,4,1,1,0,4,4,3,4,3,4,0,1,4,1,1,4,4,1,1,0,1,1,5,4,5,4,4,4,3,4,4,4,4,4,4,4,1,1,1,2,1,1,1,1,2,5,1
"13",13,1,1,4,3,4,5,4,4,4,4,4,4,4,5,4,4,3,3,4,1,0,0,4,4,4,3,2,0,0,1,3,0,0,2,2,1,0,0,2.49051490514905,0.938172043010753,3,3,4,4,5,4,4,3,3,4,5,4,4,4,3,1,1,1,2,0,2,2,2,5,1
"14",14,3,1,5,4,5,5,5,5,5,5,4,5,5,5,5,5,3,3,5,2,0,0,4,4,4,0,3,2,0,1,3,0,1,9,7,1,5,0,2.49051490514905,0.938172043010753,5,4,5,5,5,5,5,4,3,5,5,5,5,5,1,1,1,2,1,1,1,1,2,1,1
"15",15,4,1,5,5,5,5,5,5,4,4,4,5,5,4,4,4,4,4,4,1,1,1,4,4,4,3,3,0,1,0,3.34117647058824,0,0,3,20,0,4,3,1,1,3,4,5,5,5,5,5,3,5,5,5,5,5,4,2,2,1,1,1,1,2,1,2,6,1
"16",16,3,1,2,3,2,3,2,4,4,1,5,3,2,2,2,3,3,4,2,2,1,0,3,2,4,2,2,2,0,1,3,0,1,9,2,1,0,1,1,1,1,4,3,2,2,2,3,2,4,2,3,2,4,4,1,1,3,3,1,1,2,1,2,5,1
"17",17,1,1,5,4,5,5,5,4,4,5,5,5,5,5,5,4,5,3,5,1,0,0,4,4,4,4,4,4,1,1,3,1,1,5,18,1,3,4,1,1,5,5,5,4,5,5,4,5,4,5,4,5,4,4,0,2,1,1,2,0,2,1,2,5,1
"18",18,6,1,4,4,4,4,4,5,5,4,3,5,4,5,4,5,5,3,4,1,1,0,3,3,4,3,3,3,0,1,3,1,1,0,2,1,2,3,1,1,4,3,4,4,4,3,4,4,2,4,4,4,5,5,3,1,1,1,1,1,1,1,2,1,1
"19",19,6,1,4,3,4,5,5,5,5,4,4,4,4,4,4,4,5,4,4,1,1,1,4,4,4,0,3,3,0,0,3.34117647058824,0,1,2,2,1,1,2,1,0.938172043010753,4,4,4,4,4,4,4,4,4,4,5,5,5,5,1,2,1,1,1,1,2,1,2,5,1
"20",20,1,1,4,4,4,4,4,4,4,4,4,4,3,5,5,4,2,3,5,1,1,1,4,4,4,4,2,4,1,1,4,1,1,4,5,1,7,2,2,1,4,4,4,4,5,5,4,2,3,5,4,4,4,4,2,2,2,2,2,1,2,1,2,5,1
"21",21,3,1,3,4,4,4,4,5,5,4,5,5,2,2,4,3,3,5,4,1,1,1,4,4,3,4,3,3,1,1,4,1,0,20,8,1,9,2,1,1,4,5,5,2,2,4,3,3,5,4,4,4,5,5,2,1,2,1,1,1,2,1,2,5,1
"22",22,6,1,4,3,4,5,5,4,5,5,5,3,4,3,4,5,3,2,4,1,1,0,4,4,4,4,4,4,0,0,3.34117647058824,0,1,2,6,1,6,3,1,0,5,5,3,4,3,4,5,3,3,4,4,5,4,5,1,3,1,1,1,1,1,1,2,5,1
"23",23,4,1,4,4,5,5,5,5,5,5,5,5,4,5,5,5,5,4,5,1,1,1,4,4,4,4,4,4,1,1,4,1,0,5,6,1,4,2,2,1,5,5,5,4,5,5,5,5,5,5,5,5,5,5,1,2,1,1,1,1,2,1,2,5,1
"24",24,1,1,3,2,3,3,3,3,3,3,2,2,3,2,1,2,4,1,3,1,1,1,4,4,3,2,1,1,0,1,3,0,1,0,1,1,2,1,6,1,2,1,3,3,2,2,3,4,1,2,3,3,3,4,3,2,2,3,1,1,2,1,2,5,1
"25",25,6,1,5,5,5,5,5,5,5,5,5,5,4,4,2,5,5,5,5,1,1,0,4,4,4,0,0,0,1,1,3,0,1,20,2,1,3,1,7,1,5,5,5,4,4,2,5,5,5,5,4,5,5,5,1,1,1,1,1,1,1,1,2,5,1
"26",26,1,1,4,4,4,4,4,3,5,4,3,5,4,3,3,4,5,3,4,1,1,0,4,3,4,4,2,3,1,1,4,0,1,13,7,1,0,1,1,1,4,3,4,3,3,2,3,4,2,3,4,4,4,4,2,1,2,2,1,0,2,1,2,5,1
"27",27,1,0,5,3,4,5,4,2,3,4,4,3,4,4,5,4,3,2,4,1,1,0,4,4,4,4,4,4,1,1,4,0,1,0,6,1,2,0,2.49051490514905,0.938172043010753,4,4,3,4,5,5,4,3,2,3,5,4,3,2,2,1,1,1,1,1,1,1,2,5,1
"28",28,6,1,3,3,3,4,4,4,5,3,4,3,3,4,3,2,3,4,3,1,1,0,3,3,3,4,3,4,1,1,4,1,1,5,6,1,2,1,7,1,3,4,2,3,4,3,2,3,4,3,4,4,4,5,2,1,3,2,1,1,1,1,2,5,1
"29",29,1,0,2,2,2,3,3,3,4,2,2,2,2,2,2,2,2,1,2,1,1,1,2,2,2,2,1,1,1,1,3,0,1,0,16,1,1,0,2.49051490514905,0.938172043010753,2,2,2,2,2,2,2,2,1,2,3,3,3,4,2,2,3,2,2,1,2,1,2,5,1
"30",30,1,1,3,4,4,2,4,5,5,3,2,2,1,2,2,4,5,4,3,1,1,0,4,4,4,4,0,4,0,1,1,1,1,0,5,1,5,2,2.49051490514905,1,3,2,2,3,2,2,3,5,5,3,2,4,4,5,1,1,1,2,1,1,1,1,2,4,1
"31",31,1,1,5,4,5,5,4,3,3,4,4,4,5,5,5,4,3,3,5,0,1,1,4,4,4,4,4,4,1,1,1,0,1,3,2,0,1,1,4,1,4,4,4,5,5,5,5,5,5,5,5,4,3,3,2,2,2,3,2,1,2,1,2,5,1
"32",32,3,1,1,2,1,1,4,3,5,1,3,1,3,1,1,3,3,1,2,1,1,1,2,2,2,1,1,1,0,1,2,1,1,5,4,1,10,5,4,1,1,4,1,2,2,1,2,3,1,1,1,3,2,4,3,3,2,2,1,1,3,1,2,6,1
"33",33,1,0,5,5,5,5,5,4,5,5,5,5,5,5,5,5,5,5,5,1,1,1,4,4,4,4,0,4,1,1,4,1,1,3,10,1,3,1,2,1,4,4,4,5,5,5,5,5,5,5,5,5,5,5,2,3,1,1,2,0,2,1,2,5,1
"34",34,3,1,4,4,4,4,5,5,5,4,5,5,4,4,4,4,4,5,4,1,1,1,4,4,4,4,4,4,1,1,3,1,0,10,3,1,3,0,2.49051490514905,1,4,5,5,4,4,4,4,4,4,4,4,4,4,4,2,0,1,1,1,0,2,1,2,5,1
"35",35,1,1,3,3,3.72613065326633,4,4,3,4,3,2,4,4,4,4,3,2,1,3,1,1,0,4,4,4,3,3,3,0,1,4,0,1,0,4,1,3,1,5,1,4,3,4,3,4,4,3,2,1,3,4,4,3,4,1,1,2,2,1,1,2,1,2,5,1
"36",36,1,1,5,5,5,4,4,4,5,5,5,5,3,3,3,3,3,3,3,2,1,1,4,4,4,4,4,4,0,1,3,1,1,5,8,1,6,0,1,1,5,5,5,3,3,5,4,3,4,4,5,5,4,5,1,1,1,2,2,1,1,1,2,5,1
"37",37,1,0,4,2,3,5,5,4,4,4,5,4,4,4,3,3,4,3,4,1,1,0,4,4,2,0,0,0,1,1,4,1,0,5,3,1,1,0,4,1,4,5,4,5,4,3,4,4,3,4,5,5,4,4,1,1,2,1,1,1,1,1,2,5,1
"38",38,6,1,4,3,4,5,4,4,4,3,3,4,3,4,3,4,2,1,4,1,1,1,3,3,2,1,1,0,1,1,3,1,1,2,1,1,0,0,2.49051490514905,1,3,3,4,3,4,1,3,3,1,4,5,4,4,4,1,1,3,1,1,0,1,1,2,5,1
"39",39,3,1,4,3,3,4,4,3,4,3,4,3,3,4,3,4,5,4,4,0,1,0,4,3,2,0,0,0,1,0,3.34117647058824,0,0,4,2,2,0,1,4,1,3,4,3,3,4,3,3,5,4,4,4,4,4,4,1,1,2,2,1,1,1,1,2,5,1
"40",40,6,1,4,4,4,4,4,4,5,4,5,5,4,4,4,5,2,4,4,1,1,0,4,3,4,3,0,3,1,1,3,1,1,8,10,1,1,2,2,0,4,5,5,4,4,4,5,2,4,4,4,4,4,5,2,2,1,2,1,1,1,1,2,5,1
"41",41,1,1,4,2,3,4,3,3,5,4,5,5,5,4,3,3,4,3,4,1,0,1,4,4,4,4,0,3,1,0,3.34117647058824,0,1,8,20,1,5,2,2,1,4,5,5,4,4,4,3,4,4,4,3,4,3,5,1,2,3,2,2,1,1,1,2,5,1
"42",42,1,0,4,2,3,4,3,3,4,3,5,4,3,3,5,3,2,1,4,1,0,0,4,4,4,4,2,3,1,1,3,0,1,0,5,1,0,0,2,1,3,5,4,3,3,5,4,3,2,3,4,3,3,4,3,1,1,2,2,0,2,1,2,5,1
"43",43,1,1,5,4,5,4,4,4,4,5,5,5,4,4,4,5,5,4,5,1,1,1,0,0,4,0,0,0,0,0,3.34117647058824,1,0,3,7,2,3,1,4,1,5,5,5,4,4,4,5,5,4,5,4,4,4,4,2,1,1,1,1,1,1,1,2,5,1
"44",44,6,1,3,4,3,4,4,2,3,3,5,3,3,3,4,3,3,1,3,1,0,0,4,4,4,0,4,3,0,1,1,1,1,3,1,1,6,5,9,1,3,5,3,3,3,4,3,3,2,3,3,4,2,3,2,1,1,2,2,1,1,1,2,5,1
"45",45,1,0,4,2,4,4,4,4,4,4,5,4,4,3,4,3,3,2,4,1,1,0,3,3,3,2,2,2,0,1,2,0,1,4,5,1,2,0,5,1,4,5,4,4,3,4,4,3,2,4,4,4,4,4,2,1,2,2,1,1,2,1,2,5,1
"46",46,1,0,5,5,5,5,5,5,5,4,4,5,4,4,3,3,4,3,4,1,1,1,4,4,4,3,3,3,1,1,4,0,0,2,10,0,3,2,2,1,4,4,4,5,5,5,5,5,5,5,5,5,5,5,2,2,1,1,1,1,1,1,2,5,1
"47",47,2,0,5,3,5,4,5,5,5,5,5,5,5,5,5,3,2,4,5,2,1,0,4,4,4,4,4,4,1,1,4,1,1,5,10,1,6,2,2,1,5,5,5,5,5,5,2,2,3,5,4,5,5,5,1,1,2,2,2,1,2,1,2,5,1
"48",48,1,1,3,3,3,4,4,4,4,4,5,4,3,2,4,4,4,4,3,1,1,1,3,2,2,3,0,0,1,1,3,1,1,2,12,1,21,1,2.49051490514905,1,4,5,4,2,3,3,4,4,4,3,4,4,5,5,1,1,1,2,2,1,1,1,2,5,1
"49",49,1,1,2,2,2,3,1,2,3,1,3,2,2,2,2,2,1,4,2,1,1,1,4,4,4,4,4,3,1,1,3,0,1,4,5,1,0,0,5,1,1,2,2,2,2,2,2,1,3,2,2,2,2,3,3,2,1,2,1,0,2,1,2,5,1
"50",50,1,0,5,5,5,5,5,5,5,5,5,5,4,5,4,5,4,3,4,1,1,0,3,3,4,3,3,3,1,1,4,0,0,0,5,0,0,0,6,0.938172043010753,4,4,4,4,5,4,4,3,3,4,5,5,5,5,2,3,1,1,1,1,2,1,2,5,1
"51",51,3,1,4,3,4,5,5,5,5,3,4,3,3,3,4,3,4,5,3,1,0,0,3,4,3,4,4,3,1,0,3.34117647058824,0,0,4,1,1,1,3,2,1,3,4,3,3,3,4,3,4,5,3,5,5,5,5,2,2,3,2,2,1,2,1,2,5,1
"52",52,3,1,2,2,2,3,4,3,5,4,3,1,1,2,2,1,5,1,2,1,1,0,0,4,4,0,0,0,1,0,3.34117647058824,0,0,5,4,1,3,3,4,1,4,4,2,2,2,1,1,4,1,2,3,4,3,5,3,2,3,1,1,0,2,1,2,5,1
"53",53,3,1,3,2,3,4,4,4,5,3,4,4,3,4,2,2,5,2,3,2,1,0,4,4,4,3,3,3,1,1,4,1,0,3,4,1,2,0,7,1,3,4,4,3,4,2,2,4,2,3,4,4,4,5,1,1,2,2,1,1,2,1,2,5,1
"54",54,2.35368956743003,0,4,2,4,5,4,4,4,4,3,4,3,4,5,4,4,3,4,1,1,1,4,4,4,4,3,3,0,0,3.34117647058824,1,1,1,5,1,2,0,4,1,4,4,4,4,4,4,4,4,4,4,4,4,4,4,2,1,1,1,1,1,2,1,2,1,1
"55",55,1,1,2,2,2,3,3,3,4,3,4,3,2,2,3,5,2,2,3,1,1,1,4,4,4,4,4,4,1,1,3,1,1,0,8,1,7,3,1,1,3,4,3,2,2,4,4,2,3,3,3,3,3,4,3,1,2,2,2,1,2,1,2,5,1
"56",56,5,0,5,4,4,5,5,5,5,4,3,5,5,5,4,4,3,3,4,1,1,1,3,3,4,3,0,3,0,1,3,1,1,3,5,1,3,0,3,1,4,3,5,5,5,4,4,3,3,4,5,5,5,5,2,3,2,1,1,0,2,1,2,5,1
"57",57,6,1,3,4,3,4,4,4,4,4,4,4,3,3,3,3,4,1,3,1,1,0,3,3,4,3,3,3,0,1,3,1,0,2,3,1,0,0,1,1,4,4,4,3,3,3,3,4,3,3,4,4,4,4,1,1,2,2,1,2,2,1,2,1,1
"58",58,4,0,4,4,4,5,4,4,3,4,5,5,3,5,4,4,3,3,4,2,1,1,4,4,4,4,4,4,1,1,4,0,1,1,11,1,11,5,4,1,4,4,5,4,5,4,4,4,4,4,4,4,4,4,2,2,2,2,2,2,2,1,2,1,1
"59",59,5,0,5,5,5,5,5,5,5,5,5,5,5,5,5,5,4,4,4,1,1,1,4,4,4,3,4,3,1,1,4,1,1,0,0,2,0,0,2,1,4,5,5,4,4,4,4,4,4,4,5,5,5,5,3,3,1,1,1,1,1,1,2,1,1
"60",60,6,1,3,3,4,4,4,4,4,3,3,4,3,3,2,2,4,1,3,1,1,0,2,2,3,0,0,0,0,1,1,0,1,5,5,1,2,0,7,1,3,3,4,3,3,2,3,4,2,3,4,4,4,4,1,2,2,1,1,1,1,1,2,1,1
"61",61,1,1,2,2,2,4,3,4,5,2,4,2,1,4,2,2,1,3,2,1,1,0,3,3,4,3,0,2,1,1,4,0,1,0,14,1,2,1,2,1,1,4,2,1,4,2,1,1,3,2,3,2,3,5,1,2,2,2,3,1,1,1,2,5,1
"62",62,1,1,4,5,5,4,4,5,5,5,5,4,3,4,4,4,5,5,4,1,1,1,4,4,0,2,2,3,1,1,4,1,1,0,3,0,12,1,9,1,5,4,5,5,5,4,4,5,5,5,5,5,5,5,1,2,1,1,1,1,2,2,2,1,1
"63",63,1,1,5,4,4,5,5,5,4,4,5,5,5,5,5,5,4,4,5,1,1,1,4,4,4,4,4,4,1,1,4,0,0,1,11,1,4,2,2,1,4,5,5,5,5,5,5,4,5,5,5,5,5,4,2,2,1,2,1,0,2,1,2,5,1
"64",64,5,0,5,4,4,4,4,3,4,4,5,5,4,4,5,4,4,2,4,1,1,0,4,4,4,2,2,3,0,1,3,0,1,10,8,1,4,1,2,1,4,5,5,4,4,5,4,4,2,4,4,4,3,4,3,1,1,1,1,1,2,1,2,5,1
"65",65,1,1,3,3,3,3,3,4,5,4,5,4,2,2,3,3,3,3,3,1,1,1,4,4,4,4,4,3,0,1,3,0,1,4,5,0,13,3,4,1,4,5,4,3,2,3,4,3,2,3,3,3,4,4,3,1,2,3,2,0,2,1,2,5,1
"66",66,1,1,5,3,4,4,4,4,4,4,4,4,5,5,4,2,3,2,4,1,1,1,4,3,4,3,2,2,0,1,2,1,1,5,1,1,3,1,1,1,4,4,4,4,4,4,5,5,3,4,3,5,4,4,3,2,2,1,1,1,2,1,2,5,1
"67",67,1,0,5,3,4,5,5,5,5,4,3,4,5,5,5,5,4,3,5,1,1,1,4,4,4,4,0,0,1,0,3.34117647058824,0,0,2,6,1,4,1,6,1,3,5,4,5,5,5,5,4,4,5,5,5,5,5,3,0,1,1,2,1,2,1,2,5,1
"68",68,1,1,3,3,3,3,2,2,3,2,1,2,4,2,2,4,2,3,2,1,1,0,3,2,2,3,0,0,1,1,2,0,1,1,7,1,6,0,4,1,2,2,2,3,2,2,3,2,2,2,3,2,2,3,3,3,2,2,1,0,2,1,2,5,1
"69",69,1,0,4,3,4,5,5,4,5,4,3,5,4,5,3,3,5,3,4,1,0,0,4,4,4,3,3,3,1,1,4,0,0,0,0,2,0,0,8,1,4,3,4,4,5,3,3,5,3,4,5,5,4,5,1,1,2,2,1,1,1,1,2,5,1
"70",70,1,1,3,3.45614035087719,2,4,4,3,3,3,5,3,3,3,3,1,1,3,3,0,0,0,3,3,3,3,2,4,0,1,4,0,1,10,15,1,5,1,1,0,2,4,3,2,2,2,2,2,3,3,3,4,3,4,2,1,2,2,2,1,2,1,2,5,1
"71",71,4,0,3,2,3,4,4,2,3,3,5,4,3,4,3,4,1,3,3,1.09438775510204,1,0,3,3,4,4,2,2,1,1,3,1,0,10,30,1,20,3,2.49051490514905,1,3,5,4,3,4,2,4,1,3,3,3,3,2,3,2,2,3,3,3,0,2,1,2,5,1
"72",72,3,1,4,4,4,3,4,4,5,4,4,4,3,2,4,3,4,3,3,1,1,0,4,4,4,4,4,3,1,1,3,0,1,12,2,1,7,0,1,1,4,4,4,3,2,3,2,4,2,3,3,3,3,4,1,2,2,1,1,1,2,1,2,5,1
"73",73,1,1,2,2,2,2,3,3,4,1,2,1,2,2,1,3,1,1,2,1,1,0,4,4,1,4,1,2,1,1,3,1,1,12,2,1,0,0,2,1,1,2,1,2,2,2,2,2,1,2,2,3,3,4,1,1,3,1,1,1,2,1,2,5,1
"74",74,1,1,5,5,5,4,4,4,4,4,3,5,4,4,5,5,5,4,5,1,1,1,4,4,4,4,4,4,0,1,4,0,1,0,30,1,35,5,4,1,4,3,5,5,5,5,5,5,5,5,5,5,5,5,0,0,0,0,0,0,1,1,2,5,1
"75",75,6,1,4,3,2,2,3,2,4,3,5,4,3,4,2,2,2,2,3,1,1,0,2,1,2,1,1,1,0,1,2,1,1,3,3,1,3,1,7,0.938172043010753,4,5,5,4,4,2,2,2,3,3,2,3,3,4,1,1,2,3,2,1,1,1,2,5,1
"76",76,1,1,3,2,3,4,4,3,4,4,5,3,3,4,2,3,4,3,3,1,1,1,4,4,3,0,4,0,0,1,2,0,1,1,2,1,0,2,1,1,4,5,3,3,4,2,3,4,3,3,4,4,3,4,2,2,2,2,3,0,2,1,2,5,1
"77",77,1,1,3,4,3,4,3,4,4,3,5,4,3,4,1,3,3,2,2,2,1,0,2,2,2,2,1,1,1,1,3,1,0,4,4,1,1,0,1,1,3,5,4,3,3,2,3,3,2,2,4,3,4,4,1,1,3,1,1,1,1,1,2,5,1
"78",78,1,1,4,4,4,4,4,4,4,4,3,4,2,4,5,4,2,2,3,1,1,1,4,4,4,4,4,0,1,1,3,1,0,12,1,0,2,0,1,1,3,4,3,2,4,4,3,2,2,3,4,4,4,4,3,2,1,2,2,0,2,1,2,5,1
"79",79,2,0,5,2,5,4,4,4,5,4,5,5,4,4,5,4,5,3,4,1,1,0,4,4,4,4,4,4,1,1,4,1,1,3,12,1,3,3,2,1,4,5,5,4,4,5,4,5,4,4,4,4,4,5,2,2,1,1,1,1,2,1,2,5,1
"80",80,6,1,4,3,4,5,5,5,5,3,2,4,4,4,5,3,3,5,4,1,1,1,3,4,4,3,3,0,0,1,4,1,1,3,1,2,2,2,7,1,3,2,4,4,4,5,4,3,5,4,5,5,5,5,1,1,1,1,1,0,2,1,2,5,1
"81",81,1,0,5,3,3,5,5,5,5,1,5,1,5,5,5,4,5,3,5,1,1,1,4,4,4,4,4,3,1,1,3,1,1,3,2,1,0,0,2,1,1,5,1,5,5,5,4,5,3,5,5,5,5,5,3,1,1,1,1,1,2,1,2,5,1
"82",82,1,0,5,5,5,4,5,5,5,5,3,5,5,5,5,4,4,3,4,2,1,0,4,4,4,3,3,3,1,1,4,0,0,0,4,0,0,1,2,1,5,3,5,5,5,5,5,4,4,4,4,5,5,5,3,2,2,2,0,0,1,1,2,5,1
"83",83,1,1,4,3,4,4,4,4,4,3,4,2,5,5,5,5,5,3,4,1,1,0,4,4,4,4,4,4,0,1,4,1,1,0,1,1,1,2,5,0.938172043010753,3,4,3,5,5,5,5,5,3,3,4,4,4,4,2,1,1,1,1,1,2,1,2,5,1
"84",84,4,0,1,2,1,2,1,3,2,2,5,2,2,3,2,2,3,3,2,1,0,0,0,0,2,1,3,1,1,1,4,0,1,4,8,1,6,1,2,1,1,5,1,1,3,1,1,3,1,1,1,1,3,2,3,1,2,3,1,0,2,1,2,5,1
"85",85,1,0,5,5,5,4,4,4,4,5,5,5,5,5,5,5,5,5,5,2,1,0,4,4,4,4,4,4,1,1,4,1,0,2,3,1,2,0,4,1,5,5,5,5,4,4,4,4,4,4,4,4,4,4,2,2,1,1,1,1,2,1,2,5,1
"86",86,4,0,3,2,3,4,3,3,3,4,3,4,2,2,4,2,2,4,3,2,1,0,4,4,4,3,0,4,1,0,3.34117647058824,0,0,4,10,0,23,4,2.49051490514905,1,4,4,3,2,2,4,3,3,4,3,4,3,3,3,2,2,3,2,2,1,2,1,2,5,1
"87",87,1,1,2,5,4,5,4,5,5,4,4,4,4,3,5,3,4,5,4,1,1,1,4,4,4,4,4,4,1,1,3,0,1,6,6,0,0,0,5,1,4,4,4,4,3,5,4,4,5,4,5,4,5,5,2,1,1,2,1,1,1,1,2,5,1
"88",88,1,1,4,4,4,5,5,5,5,4,4,5,5,4,4,4,5,4,4,1,1,1,4,4,4,4,4,4,1,1,4,0,1,13,4,1,4,2,1,1,4,4,5,5,4,4,4,5,4,4,5,5,5,5,1,2,2,2,1,0,1,1,2,5,1
"89",89,1,0,5,4,4,5,5,5,5,4,4,5,5,5,5,5,5,5,5,2,0,0,4,4,4,4,4,0,0,1,4,0,0,0,6,1,1,0,6,0.938172043010753,4,4,5,5,5,5,5,5,5,5,5,5,5,5,3,1,1,1,1,0,2,1,2,5,1
"90",90,1,0,5,5,5,5,4,4,4,4,4,4,4,5,5,5,4,4,5,1,1,1,4,4,4,4,4,4,1,1,3,0,1,1,15,1,9,0,4,1,4,4,4,4,5,5,4,3,4,5,4,4,4,4,2,2,2,2,2,0,1,1,2,5,1
"91",91,4,1,4,4,4,5,5,4,5,4,5,5,5,5,4,4,3,2,4,1,1,1,3,4,4,2,2,2,1,1,4,0,0,3,1,2,0,3,5,1,4,4,5,5,5,4,4,3,2,4,4,5,3,5,2,2,1,2,2,0,2,1,2,5,1
"92",92,1,1,4,4,4,4,4,4,5,4,3,4,4,5,5,5,3,1,4,1,1,1,4,4,4,4,2,2,1,1,3,0,1,0,11,1,11,0,1,1,4,3,4,4,4,5,5,3,1,4,4,4,4,5,1,2,2,1,1,0,2,1,2,5,1
"93",93,1,0,4,4,4,3,4,3,4,4,4,3,3,4,5,4,3,4,4,1,1,1,4,4,4,4,3,3,1,1,4,1,1,2,11,1,4,0,2,0.938172043010753,4,4,3,3.61282051282051,3.78205128205128,3.65217391304348,3.59125964010283,3.54241645244216,3.13624678663239,3.71794871794872,4.01282051282051,4.07435897435897,3.94871794871795,4.32307692307692,2,2,1,1,2,0,2,1,2,5,1
"94",94,1,1,4,3,3,4,4,4,5,3,4,4,3,4,5,4,5,4,4,2,1,1,4,4,4,3,3,4,0.608695652173913,1,4,0,1,8,9,1,6,1,2,1,3,4,3,3,3,5,4,5,4,4,4,4,4,4,2,3,1,1,1,1,2,1,2,5,1
"95",95,2.35368956743003,0,5,5,5,5,5,5,5,5,5,5,3,4,4,5,5,5,4,1,1,1,4,4,4,4,0,4,0,1,4,0,1,4,5,1,3,0,2,1,5,5,5,3,4,4,4,4,5,5,5,5,5,5,1,2,1,1,1,1,1,1,2,5,1
"96",96,1,1,2,1,1,2,2,2,2,1,3,1,2,2,1,2,2,2,2,2,0,0,2,1,1,0,0,2,1,1,4,0,1,1,2,2,1,0,1,1,1,3,1,2,3,1,3,2,1,2,2,2,2,2,2,1,3,2,2,0,1,1,2,5,1
"97",97,1,0,4,3,4,3,3,3,4,4,4,4,4,4,3,3,3,3,3,1,1,1,4,4,4,3,0,3,1,1,4,0,0,3,13,1,0,0,2,1,4,5,4,4,4,3,3,2,2,3,4,3,3,4,1,2,2,2,1,1,1,2,2,5,1
"98",98,1,1,4,4,4,4,4,4,4,2,2,5,4,4,4,4,4,2,4,1,1,1,4,4,4,3,3,3,1,1,4,1,1,7,1,0,1,1,1,1,2,2,5,4,4,4,4,5,2,4,4,4,4,4,2,1,2,1,1,1,1,1,2,4,1
"99",99,6,1,4,3,4,4,4,4,4,4,5,4,4,3,5,4,3,3,4,1,1,1,4,4,4,4,4,3,1,0,3.34117647058824,0,1,3,2,1,5,0,1,1,4,5,4,3,3,5,4,3,3,4,4,4,4,4,1,2,2,2,2,1,1,1,2,5,1
"100",100,1,0,4,2,3,3,4,3,4,3,5,3,3,3,2,2,1,3,3,1,1,1,3,4,3,2,2,2,1,1,3,1,1,2,12,1,7,0,2,1,3,4,3,3,3,2,2,1,2,3,3,3,3,3,1,2,3,2,1,1,2,1,2,5,1
"101",101,6,1,5,5,5,5,5,5,5,5,5,5,5,5,5,5,5,4,5,1.09438775510204,1,1,4,4,4,4,4,4,0,1,4,1,1,2,5,1,2,1,1,1,5,5,5,5,5,5,5,5,5,5,5,5,5,5,1,1,1,1,2,1,1,1,2,5,1
"102",102,3,1,4,3,4,4,4,4,4,4,5,4,4,4,4,5,4,4,4,2,1,1,4,4,4,4,4,4,1,1,3,1,1,25,8,1,1,3,2.49051490514905,1,4,5,4,4,4,5,4,3,4,4,4,4,4,4,3,1,1,1,1,1,1,1,2,5,1
"103",103,1,1,4,4,4,4,4,4,4,3,5,5,4,4,4,4,4,4,4,1,1,0,4,4,4,4,0,4,0,1,4,0,0,0,7,1,24,7,1,1,3,5,5,4,4,4,4,2,4,4,4,4,4,5,1,1,1,1,1,1,2,1,2,5,1
"104",104,6,1,4,3,4,5,4,4,4,4,4,5,4,4,3,3,4,1,4,1,1,0,3,3,4,0,0,0,0,1,4,0,1,6,0,2,0,2,1,1,4,5,4,4,4,2,3,4,2,4,5,4,4,4,1,2,3,1,2,1,2,1,2,5,1
"105",105,1,0,4,3,3,4,4,4,4,4,5,3,3,5,2,4,2,1,3,0,1,0,4,2,4,3,1,0,0,1,4,0,0,15,8,1,0,0,2,1,4,3,3,3,5,2,3,2,1,3,4,4,3,4,2,2,2,1,1,1,2,1,2,5,1
"106",106,1,1,4,4,4,4,4,4,4,4,5,4,4,4,2,4,2,1,4,1,1,0,4,4,4,2,2,3,0,1,4,0,1,5,4,0,5,2,4,1,4,5,4,4,4,2,4,3.54241645244216,2,4,4,4,4,4,2,1,1,1,1,1,2,1,2,5,1
"107",107,6,1,4,5,3,4,4,4,5,4,5,4,4,4,4,3,4,2,3,1,1,0,4,4,4,4,4,3,0,1,1,0,0,3,3,1,1,1,4,0.938172043010753,3,5,3,4,3,4,4,4,3,4,4,4,4,5,0,0,0,0,0,0,2,1,2,5,1
"108",108,1,1,3,2,3,4,3,3,3,2,4,3,3,4,1,2,3,1,3,2,1,0,0,3,3,2,2,2,0,1,2,0,1,2,3,1,0,1,1,1,2,4,3,2,3,1,3,3,1,3,4,3,2,2,2,1,2,2,1,1,2,1,2,5,1
"109",109,1,1,5,5,5,4,5,5,5,5,5,4,4,4,5,4,3,2,4,1,1,0,4,4,4,4,4,4,0,1,4,0,1,8,6,1,3,1,1,0,5,5,4,4,4,5,4,2,4,4,4,5,5,5,1,2,2,2,2,0,2,1,2,5,1
"110",110,1,0,4,4,4,4,4,5,5,4,4,4,4,4,5,5,3,3,4,1,1,1,4,4,4,4,3,4,1,1,3,0,1,1,9,1,2,0,2,1,3,3,3,4,4,4,4,3,4,4,4,4,4,4,3,1,1,1,1,1,2,1,2,5,1
"111",111,1,0,4,2,4,4,4,3,4,4,4,4,3,4,2,4,5,2,4,1,1,0,3,3,3,3,2,2,1,1,4,0,1,2,13,1,2,1,4,1,3,4,4,4,4,3,4,5,2,4,5,4,3,4,2,1,2,1,1,1,2,1,2,5,1
"112",112,1,1,5,4,4,4,5,4,5,4,5,5,5,4,4,4,5,4,4,1,1,0,4,4,3,3,3,3,1,1,4,1,0,0,1,0,2,0,1,1,3,5,4,4,4,4,4,4,3,4,4,5,4,5,2,2,3,2,2,1,1,1,2,5,1
"113",113,1,0,5,5,5,5,5,5,4,5,5,5,5,5,5,5,4,4,5,2,1,0,4,4,4,3,3,3,1,1,4,1,0,5,5,1,2,0,5,1,5,5,5,5,5,4,4,4,3,5,5,5,5,4,2,1,2,1,1,1,2,1,2,5,1
"114",114,1,1,4,4,4,4,4,4,5,4,5,4,4,4,4,4,4,5,5,1,1,1,4,4,4,4,4,4,1,0,3.34117647058824,0,0,2,4,2,4,1,1,1,4,5,4,4,4,4,4,4,5,4,5,4,4,5,0,1,1,1,2,0,1,1,2,5,1
"115",115,1,1,3,3,3,4,4,4,3,2,5,4,3.64661654135338,3.79197994987469,3.65914786967419,3.6516290726817,5,2,3,0,1,0,4,4,4,0,0,0,0,1,3,0,1,0,2,0,2,0,1,1,4,5,4,3.61282051282051,3.78205128205128,3,3.59125964010283,5,2,4,4,4,4,4,2,1,2,2,1,1,2,1,2,5,1
"116",116,1,1,4,3,4,3,4,3,5,4,5,4,3,2,4,2,4,5,3,1,1,1,4,4,3,4,4,4,0,0,3.34117647058824,0,1,3,6,1,10,2,1,1,4,5,4,3,2,4,2,4,5,3,3,4,3,4,1,1,3,2,2,1,1,1,3,5,1
"117",117,4,1,5,4,5,4,5,4,5,5,5,5,4,4,4,4,5,4,5,2,1,1,3,4,3,4,0,3,1,1,4,0,1,3,8,1,11,0,4,1,5,5,5,5,5,5,4,5,4,5,4,5,4,5,2,1,1,2,1,0,2,1,2,5,1
"118",118,1,1,3,4,3,2,4,2,4,3,5,4,2,2,2,1,4,1,2,2,1,0,3,4,4,1,0,0,1,1,1,1,0,2,6,1,3,5,1,1,3,5,3,2,2,2,1,3,1,2,2,4,2,4,3,1,2,2,2,1,2,1,2,5,1
"119",119,1,1,3,2,3,3,4,4,4,2,2,2,4,4,5,3,2,1,3,1,1,1,4,4,4,4,4,4,1,1,4,1,1,4,12,1,7,1,8,1,2,2,3,4,4,3,4,2,2,3,3,4,4,4,3,1,1,2,2,1,2,1,2,4,1
"120",120,5,0,4,5,4,4,4,5,5,4,3,5,4,4,5,4,5,3,4,1,1,0,3,4,4,4,3,3,1,1,3,0,1,3,5,1,7,1,3,0,4,3,4,4,4,5,4,4,3,4,4,4,5,5,2,1,1,1,2,1,1,1,2,5,1
"121",121,1,1,4,4,4,3,3,3,5,4,4,3,2,4,5,5,3,2,4,1,1,1,4,4,4,4,3,3,1,1,3,1,0,5,15,1,1,2,2,1,3,3,3,2,4,4,4,3,2,4,3,3,3,5,2,1,1,2,2,1,2,1,2,5,1
"122",122,1,1,4,4,4,5,5,5,5,5,5,5,3,2,5,4,3,5,5,1,1,1,4,4,3,4,4,4,1,1,3,0,1,4,20,1,13,0,7,1,5,5,5,2,2,5,5,3,5,5,5,5,5,5,2,2,1,2,1,1,1,1,2,5,1
"123",123,1,1,4,3,3,4,4,3,4,4,4,4,3,4,4,2,2,2,3,2,1,1,4,4,3,0,3,3,0,1,3,1,1,7,3,1,1,0,1,1,4,5,4,4,4,3,2,3,3,3,4,4,4,4,2,1,1,1,1,1,2,1,2,5,1
"124",124,1,0,4,4,4,4,4,4,5,3,4,4,4,5,5,3,5,2,4,0,1,1,4,4,4,3,1,3,0,1,3,1,0,3,3,1,1,0,2.49051490514905,0,2,4,4,4,4,4,4,5,4,4,4.01282051282051,4.07435897435897,3.94871794871795,4.32307692307692,1.82278481012658,1.53452685421995,1.56598984771574,1.54936708860759,1.26075949367089,0.754430379746835,1,1,2,5,1
"125",125,1,1,3,4,3,3,5,5,5,3,2,4,3,3,5,5,3,3,4,1,0,0,4,4,4,4,3,4,0,1,4,0,1,10,6,1,5,0,3,1,3,2,4,3,3,5,5,3,4,4,3,5,5,5,1,1,2,2,1,1,2,1,2,5,1
"126",126,1,0,3,3,3,4,4,3,4,4,4,3,2,3,3,2,3,3,3,0,1,1,3,3,3,0,4,3,1,1,3,0,1,0,6,1,2,0,2,1,4,4,3,2,3,3,2,3,3,3,4,3,3,4,3,1,2,1,1,1,2,1,2,5,1
"127",127,5,0,4,4,4,3,4,4,4,5,5,4,5,5,3,3,5,2,4,1,1,0,4,3,4,4,4,4,1,1,4,1,1,0,9,1,4,1,2,1,4,5,4,5,5,3,3,5,4,4,3,4,4,4,3,2,1,2,1,1,1,1,2,5,1
"128",128,3,1,5,3,4,5,4,4,5,4,4,4,4,4,3,5,5,2,4,1,1,1,4,4,3,3,3,4,0,1,3,1,0,99,10,1,6,0,1,1,4,4,4,4,4,3,5,5,3,4,5,4,4,5,1,2,1,1,1,0,2,1,2,5,1
"129",129,1,1,5,4,5,2,4,4,4,4,4,4,4,4,5,3,3,2,3,1,1,1,4,4,4,0,0,0,0,1,4,1,1,7,0,2,1,1,5,1,4,4,4,3,4,5,4,4,2,3,2,4,4,4,3,1,2,2,1,1,2,1,2,1,1
"130",130,1,0,5,3,5,5,5,5,5,5,5,4,5,5,5,5,4,5,5,1,1,1,4,4,4,4,4,4,1,1,4,1,1,2,12,1,8,1,2,0,5,5,4,5,5,5,5,5,5,5,5,5,5,3,3,1,1,1,1,1,1,1,2,5,1
"131",131,3,1,5,4,3,5,5,4,5,5,4,5,5,5,5,3,4,4,5,1,1,1,2,3,2,0,3,1,1,1,3,0,1,11,1,0,0,0,2,1,5,4,5,3.61282051282051,3.78205128205128,3.65217391304348,3.59125964010283,3.54241645244216,3.13624678663239,3.71794871794872,5,5,4,5,2,3,2,1,2,0,1,1,2,5,1
"132",132,5,0,5,4,5,5,5,5,5,5,5,5,5,5,4,4,5,4,5,1,1,1,4,0,0,0,2,3,1,1,4,1,1,0,20,1,5,1,2,1,5,3,5,5,5,5,5,3,5,5,5,5,5,5,3,3,2,2,1,1,2,1,2,5,1
"133",133,1,0,4,2,3,4,3,3,3,3,4,3,4,4,4,3,4,1,3,1,1,1,4,4,4,3,2,1,1,1,3,1,0,2,4,1,1,0,2,1,3,3,2,3,4,4,2,3,1,3,4,3,3,3,3,2,1,1,1,1,1,1,2,5,1
"134",134,1,0,3,3,3,5,3,5,5,3,2,2,3,3,3,3,3,1,3,1,1,0,3,3,2,1,1,1,1,1,3,0,0,0,10,1,22,5,2,0.938172043010753,3,2,2,3,3,3,3,3,2,3,5,4,4,5,1,1,1,1,1,1,1,1,2,5,1
"135",135,1,1,4,3,4,5,5,4,4,4,4,5,4,4,4,4,4,4,4,1,1,1,4,4,4,0,4,4,1,0,3.34117647058824,0,1,5,6,0,0,1,4,1,4,4,5,4,4,4,3,3,4,4,5,4,4,4,3,2,2,2,2,0,2,1,2,1,1
"136",136,3,1,5,5,5,4,5,4,5,4,4,4,4,5,5,5,5,5,5,1,1,1,4,4,4,4,4,4,0,1,4,0,1,7,13,0,3,1,1,1,4,4,4,4,5,5,5,5,5,5,5,5,5,5,1,1,1,2,1,1,2,1,2,1,1
"137",137,6,1,4,4,4,4,4,4,5,4,4,4,4,4,3,3,4,2,4,1,1,0,3,3,3,4,3,4,0,1,3,0,1,3,7,1,1,3,1,1,4,5,4,4,3,4,3,4,2,4,4,4,4,5,1,1,1,2,1,0,2,1,2,1,1
"138",138,6,1,5,4,5,4,4,3,5,4,4,4,4,5,4,4,5,3,4,2,1,1,4,4,4,3,3,4,1,1,3,1,1,10,30,1,8,2,7,1,4,4,4,4,5,4,4,5,4,4,4,4,4,5,0,0,1,2,2,1,1,1,2,5,1
"139",139,2,0,4,3,4,4,4,3,3,4,4,4,4,5,4,3,4,2,4,0,1,0,4,4,4,4,4,4,0,1,2,1,1,0,3,1,4,1,1,1,4,4,3,4,5,4,4,4,3,4,3,3,3,3,3,2,2,2,2,1,2,1,2,1,1
"140",140,4,1,5,5,5,5,5,5,5,5,5,5,5,5,5,5,5,5,5,1,1,1,4,4,4,4,4,4,1,1,4,0,1,2,6,1,18,1,2,1,5,5,5,5,5,5,5,5,5,5,5,5,5,5,2,1,1,1,1,1,2,1,2,1,1
"141",141,1,0,4,4,4,4,4,4,4,5,5,5,5,5,5,4,4,5,5,0,1,1,4,4,3,3,0,3,1,1,4,0,0,2,12,1,0,0,2,1,5,5,5,5,5,4,3,3,4,4,4,4,4,4,2,0,0,0,0,0,1,1,2,1,1
"142",142,1,0,5,4,4,5,5,5,5,5,5,5,5,5,4,4,3,4,4,1,1,0,4,3,4,3,2,2,1,1,4,1,0,1,8,1,0,1,2,0,4,5,4,4,5,4,4,2,4,4,5,5,5,5,1,3,2,1,1,1,2,1,2,5,1
"143",143,1,1,4,3,4,5,4,3,4,5,5,5,4,4,5,5,5,4,4,1,0,0,4,4,4,3,0,2,1,1,3,1,1,1,6,1,2,2,2,1,5,5,5,4,4,5,5,5,3,4,5,4,4,4,1,1,1,1,1,1,1,1,2,5,1
"144",144,3,1,4,3,3,3,4,3,3,3,2,3,3,4,2,3,4,2,3,1,1,0,4,4,4,4,1,1,1,0,3.34117647058824,0,1,10,3,1,3,1,2,1,3,2,4,3,3,4,3,4,3,3,3,3,3,3,3,2,2,1,1,1,2,1,2,5,1
"145",145,1,1,4,5,4,4,4,3,4,3,4,4,3,3,4,4,3,1,3,1,1,1,4,4,4,3,1,2,0,1,4,1,1,1,3,1,5,0,2,1,3,4,4,3,3,4,4,1,1,3,4.01282051282051,4.07435897435897,3.94871794871795,4.32307692307692,2,2,2,2,1,0,2,1,2,1,1
"146",146,1,1,4,5,5,4,4,5,5,5,5,5,4,4,5,5,3,3,4,1,1,0,4,4,4,4,3,4,1,1,4,1,1,3,1,0,1,0,7,1,4,4,5,4,4,5,5,4,5,5,4,5,5,5,2,2,1,1,1,1,1,1,2,6,1
"147",147,1,1,4,3,3,3,4,4,4,4,5,4,4,3,4,4,3,4,4,1,1,1,4,4,4,4,0,4,1,1,3,0,1,3,5,1,2,2,4,1,4,5,4,3.61282051282051,3.78205128205128,3.65217391304348,3.59125964010283,3.54241645244216,3.13624678663239,3.71794871794872,4.01282051282051,4.07435897435897,3.94871794871795,4.32307692307692,1.82278481012658,1.53452685421995,1.56598984771574,1.54936708860759,1.26075949367089,0.754430379746835,2,1,2,5,1
"148",148,6,1,5,5,5,4,5,5,4,5,5,5,3,3,3,3,4,1,3,1,1,0,4,4,3,3,0,0,1,1,4,1,1,3,5,1,5,2,2,1,5,5,5,3,3,3,3,4,2,3,4,4,4,4,1,2,1,1,1,1,1,1,2,4,1
"149",149,1,1,4,4,4,5,4,4,5,4,4,4,4,4,4,4,5,3,4,1,1,1,4,4,4,3,3,3,0,1,3,1,1,1,15,1,3,0,1,1,4,4,4,4,4,4,4,5,3,4,4,4,4,5,2,1,1,2,2,1,1,1,2,5,1
"150",150,5,0,4,3,4,4,4,3,4,5,4,3,3,2,2,2,5,2,3,1,1,0,3,4,2,2,2,0,0.608695652173913,1,3,1,1,0,23,1,18,2,2,1,5,4,3,3,3,2,2,5,2,3,4,4,3,4,2,2,2,1,1,1,1,1,2,5,1
"151",151,1,1,5,5,5,5,5,5,5,4,5,5,4,4,4,4,5,4,5,1,1,1,4,4,4,4,4,4,1,1,3,1,1,10,4,1,3,1,1,1,4,5,5,4,5,5,5,5,4,5,5,5,5,5,2,1,1,1,1,0,2,1,2,5,1
"152",152,1,1,4,3,3,2,3,4,4,4,3,3,4,3,4,5,4,3,3,1,1,1,4,4,4,4,3,4,1,1,4,0,1,0,25,1,3,0,4,1,4,3,3,3,3,5,5,3,3,3,2,3,4,4,1,1,1,3,1,1,2,1,2,5,1
"153",153,1,0,4,4,4,5,4,5,5,4,5,5,5,5,4,4,4,4,4,2,1,1,4,4,4,4,4,4,1,0,3.34117647058824,1,0,2,4,2,0,0,5,1,4,5,5,5,5,5,5,4,4,4,5,5,5,5,3,3,1,1,1,1,2,1,2,5,1
"154",154,3,1,5,5,5,5,5,5,5,5,5,5,5,5,5,4,5,5,5,1,1,1,4,4,4,4,4,4,0,1,3,1,0,5,9,0,1,2,1,1,5,5,5,5,5,5,4,5,5,5,5,5,5,5,2,2,1,1,1,0,2,1,2,5,1
"155",155,1,0,3,3,3,4,4,4,4,3,5,4,3,3,3,3,2,4,3,2,1,0,4,4,4,4,0,4,1,1,4,1,0,0,10,1,1,0,2,1,3,5,4,3,3,3,3,2,4,3,4,4,4,4,2,0,2,2,2,0,2,1,2,5,1
"156",156,1,1,3,4,4,4,3,4,4,3,5,3,3,3,2,4,3,3,3,1,1,0,4,4,4,4,0,0,0,1,4,0,1,2,5,1,4,0,1,0,3,5,3,3.61282051282051,3.78205128205128,3.65217391304348,3.59125964010283,3.54241645244216,3.13624678663239,3.71794871794872,4.01282051282051,4.07435897435897,3.94871794871795,4.32307692307692,1.82278481012658,1.53452685421995,1.56598984771574,1.54936708860759,1.26075949367089,0.754430379746835,2,1,2,5,1
"157",157,1,1,5,5,5,3,4,4,4,5,5,5,2,3,3,3,5,2,3,1,1,1,4,4,4,4,4,4,0,1,2,1,1,3,0,2,1,1,1,1,5,5,5,2,3,3,3,5,2,3,3,4,4,4,2,2,1,2,2,3,1,2,2,5,1
"158",158,1,1,3,3,3,2,2,3,2,2,4,2,4,4,3,4,3,2,3,2,1,0,4,3,2,0,2,2,1,1,4,1,0,0,1,0,1,1,2.49051490514905,1,2,4,2,4,4,3,4,3,2,3,2,2,3,2,1,1,3,2,2,1,1,1,2,4,1
"159",159,1,1,5,5,5,5,5,5,5,5,5,5,4,5,5,4,5,5,5,1,1,1,4,4,4,4,4,4,1,0,3.34117647058824,0,1,0,10,1,11,1,2,1,5,5,5,4,5,5,5,5,5,5,5,5,5,5,1,2,2,1,1,1,2,2,2,1,1
"160",160,4,1,5,4,5,5,5,5,5,5,4,5,4,4,4,4,3,4,4,1,1,1,4,4,4,4,4,4,1,1,4,0,1,4,3,1,0,2,3,0.938172043010753,4,4,4,4,4,4,4,4,4,4,5,5,5,5,1,1,1,1,1,1,2,1,2,1,1
"161",161,1,1,5,5,5,5,5,5,5,5,5,5,5,5,4,5,3,3,5,1,1,0,4,3,3,4,0,0,1,1,4,1,1,3,10,1,0,3,1,1,5,5,5,5,5,4,4,3,3,5,5,5,5,5,1,1,1,1,1,1,1,1,2,5,1
"162",162,1,0,3,2,3,3,3,3,4,3,4,3,3,3,3,3,1,1,2,2,1,0,4,4,4,3,3,3,1,1,3,0,0,1,20,1,2,1,2,1,2,3,3,3,2,2,3,1,1,3,1,2,2,4,3,2,2,2,2,1,2,1,2,5,1
"163",163,1,1,4,4,4,4,4,4,4,4,5,3,3,3,4,3,3,2,3,1,1,1,3,3,3,4,4,2,1,1,3,1,1,6,6,1,7,1,7,1,4,5,3,3,3,4,3,4,2,3,4,4,4,4,3,1.53452685421995,2,2,1,0,1,1,2,6,1
"164",164,6,1,2,2,3,2,2,1,3,2,3,2,3,2,1,2,2,2,2,1,1,0,2,2,2,2,2,1,1,1,2,1,1,5,3,0,3,2,1,1,2,3,2,2,2,1,1,2,2,3,2,2,1,3,1,2,3,2,2,1,2,1,2,1,1
"165",165,1,1,4,4,4,5,4,3,4,4,3,4,4,4,4,4,4,4,4,1,1,0,0,0,0,0,0,0,1,1,3,0,1,0,1,1,1,0,1,1,4,4,5,4,4,4,4,4,4,4,4,4,3,4,1,1,1,1,1,1,2,2,2,1,1
"166",166,1,1,5,5,5,4,5,5,5,5,5,5,4,3,5,5,5,5,4,1,1,0,4,4,4,4,3,4,0,1,3,1,1,8,10,1,3,0,2,1,5,5,5,4,3,5,5,5,5,5,4,5,5,5,1,2,1.56598984771574,1,1,1,1,1,2,5,1
"167",167,1,0,3,1,2,5,5,4,5,3,5,4,5,5,4,4,4,3,4,1,1,1,4,4,4,0,0,0,0,0,3.34117647058824,0,1,1,1,1,1,0,2.49051490514905,0.938172043010753,3,5,3,5,5,3,3,3,2,4,5,5,4,5,3,3,1,2,2,0,2,1,2,5,1
"168",168,1,1,4,3,3,5,4,5,5,3,4,3,2,2,3,1,4,3,3,1,1,1,3,3,4,3,1,2,1,1,4,1,0,1,1,1,3,1,2,1,3,5,4,2,2,3,2,3,3,3,4,4,4,5,2,1,1,2,2,0,1,1,2,5,1
"169",169,1,1,5,3,4,5,5,5,5,5,5,5,5,5,5,5,5,2,5,1,1,1,4,4,4,4,3,4,0,1,3,0,1,5,10,1,2,1,1,1,5,5,5,5,5,5,5,5,5,5,5,5,5,5,2,2,1,1,1,1,1,1,2,1,1
"170",170,3,1,5,4,5,5,5,5,4,5,5,5,5,5,4,4,5,4,5,1,1,1,4,4,4,3,3,3,1,0,3.34117647058824,0,0,3,2,1,1,1,1,1,4,4,5,5,5,4,4,4,4,5,5,5,5,4,2,2,1,2,1,1,1,1,2,5,1
"171",171,1,1,4,4,4,5,5,5,5,4,4,5,5,5,5,5,3,4,5,2,1,0,4,4,4,4,4,4,0,1,4,1,0,5,1,2,0,0,7,1,4,4,5,5,5,5,4,3,4,5,5,5,5,5,1,1,1,1,1,1,1,1,2,5,1
"172",172,6,1,2,2,2,2,3,3,3,3,4,2,3,3,4,2,3,2,2,1,1,0,4,4,4,3,4,3,0,1,4,0,1,3,20,1,9,0,7,1,3,4,2,3,3,4,3,3,3,3,2,3,3,3,1,1,1,2,1,1,2,1,2,1,1
"173",173,6,1,4,3,4,4,4,4,4,3,4,5,4,4,4,3,3,4,4,1,1,1,3,3,3,0,3,3,0,1,4,1,1,3,5,0,3,0,1,1,4,4,5,4,4,3,4,3,3,4,4,4,4,4,3,0,2,1,1,0,2,1,2,5,1
"174",174,6,1,4,3,4,4,4,4,4,5,5,5,3,2,3,3,5,3,4,1,1,0,4,4,3,4,4,4,0,1,4,1,1,10,10,1,4,0,4,1,5,5,5,3,2,4,3,5,3,4,4,4,4,4,2,2,2,1,1,3,1,2,2,5,1
"175",175,1,0,5,5,5,5,4,4,4,4,3,3,4,4,4,4,3,1,4,1,1,0,4,4,4,4,0,4,0,1,3,0,1,1,7,1,3,0,2,1,4,3,3,4,4,4,4,2,1,4,5,4,4,4,1,1,1,1,1,0,1,1,2,5,1
"176",176,6,1,3,2,4,4,4,4,4,3,4,4,3,3,2,3,4,1,3,1,1,1,3,4,4,3,1,1,0,1,2,1,1,0,10,1,9,2,1,0.938172043010753,3,4,4,3,4,2,3,5,1,3,4,4,3,4,3,2,1,1,1,1,3,1,2,5,1
"177",177,1,1,4,4,4,5,5,4,4,4,5,5,4,4,5,4,4,3,4,1,1,0,4,4,4,4,4,4,1,1,4,1,1,5,6,1,3,0,2.49051490514905,1,4,5,5,4,4,5,4,4,4,4,5,5,4,4,1,1,1,2,1,1,2,1,2,5,1
"178",178,3,1,5,3,4,5,5,5,5,5,4,4,3,5,5,4,5,5,4,1,1,1,4,4,4,4,3,4,1,1,4,1,1,5,6,1,2,0,2,1,5,4,4,4,5,5,4,5,5,4,5,5,5,5,2,1,1,1,1,1,2,1,2,5,1
"179",179,1,1,3,3,3,4,4,4,4,4,4,4,4,5,5,5,4,5,4,2,1,1,4,4,3,3,4,4,0,0,3.34117647058824,1,0,30,20,0,1,0,1,1,4,4,4,5,4,4,4,3,4,4,5,5,5,5,2,3,2,2,1,1,2,2,2,1,1
"180",180,1,0,3,3,3,4,4,4,4,3,3,3,3,3,2,2,4,1,3,1,1,1,3,4,4,3,3,2,1,0,3.34117647058824,1,1,5,4,1,2,0,2,1,3,3,3,3,3,3,3,3,3,3,4,4,4,4,2,2,2,1,1,1,2,1,2,5,1
"181",181,5,0,4,2,4,5,4,4,4,5,5,5,4,3,5,5,3,2,4,1,1,1,4,4,4,4,3,4,1,1,4,1,1,0,3,1,3,0,3,1,5,5,5,4,3,5,4,3,3,4,5,4,4,4,3,3,1,1,1,1,1,1,2,5,1
"182",182,1,1,4,3,3,4,5,4,4,3,5,3,3,4,4,4,5,5,4,1,1,1,4,4,4,4,4,4,1,1,2,1,1,3,6,1,3,1,1,0.938172043010753,3,5,3,3,5,5,5,5,4,3,4,4,4,4,3,2,2,1,1,0,2,1,2,5,1
"183",183,3,1,3,3,4,4,5,5,4,4,4,5,3,4,4,3,2,4,4,1,1,1,3,4,4,4,0,3,1,1,3,0,0,8,5,1,3,1,2,1,4,4,5,3,4,3,3,4,4,4,4,4,5,5,1,1,1,2,1,1,1,1,2,5,1
"184",184,6,1,4,4,4,5,4,4,5,4,3,4,3,4,5,2,4,3,3,1,1,0,4,4,4,4,4,4,0,1,3,1,0,25,15,1,6,0,1,1,4,3,4,3,4,5,2,4,3,3,5,4,4,5,2,1,1,1,2,1,2,1,2,1,1
"185",185,1,1,4,2,3,5,5,4,4,3,4,3,3,3,4,2,3,2,3,1,1,1,3,3,4,4,3,3,0,1,3,1,1,4,6,1,11,4,4,1,2,4,3,3,3,4,2,3,3,3,5,4,4,4,2,2,1,2,1,1,2,1,2,1,1
"186",186,6,1,3,3,3,4,3,4,3,4,3,4,2,4,4,4,5,1,4,1,1,1,4,4,4,0,2,2,1,1,3,0,1,3,2,1,2,2,7,1,4,3,4,2,4,4,4,5,3.13624678663239,4,4,3,4,3,2,1,1,2,2,1,1,1,2,1,1
"187",187,1,1,5,3,4,5,4,4,3,4,4,4,3,4,5,3,1,3,4,1,1,1,4,4,4,4,4,4,1,1,4,1,1,5,3,2,1,0,1,1,3,4,4,4,4,4,3,2,3,4,5,4,4,3,2,3,2,2,1,0,2,1,2,1,1
"188",188,3,1,2,2,2,3,2,4,4,3,3,2,2,2,2,2,1,2,2,1,1,1,3,3,2,0,0,0,0,1,3,0,0,6,3,0,3,0,4,0.938172043010753,3,1,3,2,2,2,2,1,2,2,3,2,4,4,2,2,1,2,2,2,2,2,2,1,1
"189",189,1,1,4,4,4,4,4,4,3,4,5,3,1,3,4,4,5,4,3,1,1,1,4,4,4,4,2,4,0,0,3.34117647058824,0,1,6,12,1,2,2,1,1,4,5,3,1,3,4,4,4,4,4,4,4,4,3,1,1,2,3,2,1,1,1,2,5,1
"190",190,1,0,3,3,3,3,3,3,3,3,4,3,3,3,3,3,3,3,3,0,1,0,4,4,4,0,0,0,1,1,4,0,1,3,1,0,2,1,2,1,3,4,3,3,3,3,3,3,3,3,3,3,3,3,1,1,1,2,1,1,1,1,2,5,1
"191",191,1,0,4,5,5,5,5,5,5,5,5,3,3,4,1,4,3,3,3,1,1,1,4,2,3,4,0,4,1,1,4,1,1,0,5,1,0,1,2,0,5,5,4,2,4,1,4,3,3,3,5,5,5,5,3,2,2,1,1,1,1,1,2,5,1
"192",192,1,1,5,5,5,5,5,5,5,5,5,5,5,5,4,5,4,4,5,1,1,0,3,4,4,4,3,3,0,1,4,0,1,5,0,2,1,2,2.49051490514905,1,5,5,5,5,5,5,5,4,4,5,5,5,5,5,1,2,1,1,1,1,1,1,2,5,1
"193",193,1,1,3,2,3,3,4,3,3,1,2,1,4,3,1,2,2,1,2,1,1,0,4,4,1,1,1,1,1,1,4,1,1,10,2,1,0,0,2.49051490514905,1,2,1,1,3,3,1,2,2,1,2,3,4,3,3,3,1,2,2,1,1,2,1,2,5,1
"194",194,6,1,5,5,5,5,5,5,5,5,5,5,4,5,4,5,4,4,5,1,1,0,4,4,2,3,3,3,0,1,3,1,1,8,4,1,5,2,2,1,5,5,5,4,5,4,5,4,4,5,5,5,5,5,1,1,2,1,1,1,1,1,2,5,1
"195",195,3,1,2,2,3,2,2,1,4,1,5,3,2,3,1,3,5,1,2,0,1,0,4,4,4,4,2,3,1,0,3.34117647058824,0,0,16,4,1,3,2,1,1,1,5,3,2,3,1,3,5,1,2,1,1,1,4,3,1,2,2,2,1,2,1,2,5,1
"196",196,1,1,3,4,3,2,2,3,5,3,2,2,2,4,1,3,2,1,2,0,1,0,4,2,2,2,2,2,0,1,1,1,1,0,1,1,2,0,7,1,3,2,2,3,5,1,3,2,1,2,2,3,4,5,3,2,3,2,1,1,1,1,2,5,1
"197",197,6,1,3,3,3,3,3,3,4,4,4,4,3,3,3,4,3,3,3,1,1,0,4,4,4,4,4,4,0,1,3,0,1,2,0,2,5,1,2,1,4,4,4,3,3,3,3,3,3,3,3,3,4,4,2,2,1,2,1,1,2,1,2,5,1
"198",198,1,0,4,3,3,4,4,4,5,3,5,2,3,5,2,3,3,3,3,0,1,0,4,4,4,4,3,4,1,1,3,1,1,0,10,1,5,0,2,1,3,5,2,3,5,2,3,3,3,2,4,3,4,5,2,2,3,2,1,0,2,1,2,5,1
"199",199,3,1,3,3,4,4,4,4,4,4,5,3,4,3,4,4,3,4,4,1,1,1,4,4,4,4,4,4,0,1,4,0,0,7,2,1,4,1,1,1,3,5,4,3,3,4,4,3,4,4,5,4,4,4,1,1,1,2,1,1,2,1,2,5,1
"200",200,6,1,5,3,4,4,5,4,5,4,5,4,5,4,5,5,5,5,4,1,1,1,4,4,3,4,0,4,0,1,2,0,1,10,8,1,7,3,1,1,4,5,4,4,3,5,4,5,5,5,4,5,4,5,2,1,2,1,2,1,1,1,2,5,1
"201",201,3,1,3,3,4,4,4,4,5,4,5,4,3,3,3,4,3,4,4,2,1,1,3,3,0,0,0,0,1,1,3,0,0,9,10,1,18,3,1,1,4,5,5,3,3,3,3,4,4,4,4,4,4,5,3,2,2,2,1,0,1,1,2,1,1
"202",202,5,0,5,1,4,2,4,4,5,5,3,5,4,3,5,4,4,4,4,1,1,0,4,4,4,4,0,4,1,1,2,0,1,2,4,1,11,0,2,1,5,3,5,4,3,5,5,3,4,4,2,4,3,5,1,1,1,1,1,1,1,1,2,5,1
"203",203,2.35368956743003,0,5,4,5,4,5,4,5,3,4,4,4,3,3,3,4,1,4,2,1,1,3,4,4,2,2,1,1,1,4,1,1,7,25,1,14,2,2,1,3,5,4,3,4,3,3,4,1,3,5,4,4,4,2,1,1,2,1,0,2,1,2,5,1
"204",204,1,0,5,5,5,5,5,5,5,5,5,5,5,5,5,5,3,5,5,2,1,1,4,4,4,4,4,4,1,1,4,0,0,3,5,1,0,0,2,1,5,5,5,5,5,5,5,3,5,5,5,5,5,5,2,1,1,1,1,1,1,1,2,5,1
"205",205,1,1,5,5,5,4,5,4,5,5,5,5,4,5,5,4,5,4,5,1,1,1,4,4,4,4,4,4,0,1,4,0,1,0,14,0,3,2,1,1,5,5,5,5,4,5,4,5,4,5,4,5,4,5,2,1,2,2,1,1,1,1,2,5,1
"206",206,1,1,4,4,4,4,4,4,4,4,4,4,4,4,4,4,4,4,4,1,1,1,3,3,3,3,3,3,1,1,3,1,1,5,2,1,2,1,7,1,4,4,4,4,4,4,4,4,4,4,4,4,4,4,2,3,2,2,1,0,2,1,2,1,1
"207",207,3,1,4,2,4,5,4,4,3,4,5,5,5,4,3,5,5,5,4,1,1,1,4,4,4,4,4,4,1,1,4,0,0,12,4,1,8,3,4,1,4,5,5,4,4,5,5,5,5,5,5,5,4,3,2,1,1,2,1,1,1,1,2,1,1
"208",208,1,0,4,4,3,3,4,5,5,3,5,3,4,4,3,2,2,3,3,1,0,0,2,3,3,2,1,1,0,1,4,1,0,0,10,1,1,0,2,1,3,5,3,3,4,3,2,1,2,3,3,4,5,5,3,1,3,2,1,1,2,1,2,5,1
"209",209,6,1,5,5,5,4,4,4,5,5,5,5,3,3,3,3,5,1,4,1,1,0,4,4,3,4,2,2,0,1,2,0,1,0,2,1,4,0,1,1,5,5,5,3,3,3,3,5,1,5,4,5,5,4,1,1,1,1,1,1,2,1,2,5,1
"210",210,2.35368956743003,1,4,3,3,4,5,3,4,4,5,4,3,4,4,4,3,3,3,0,1,1,4,4,3,3,2,3,1,1,4,1,1,3,6,1,3,3,1,1,3,5,3,3,3,4,5,3,2,3,4,5,3,4,3,1,1,1,1,0,1,1,2,5,1
"211",211,1,1,2,2,2,4,4,3,4,2,3,3,3,3,2,2,4,2,3,2,0,0,3,2,2,0,3,3,0,1,4,1,1,10,4,1,2,1,7,1,2,4,3,2,2,2,3,4,2,3,4,4,4,4,1,1,2,2,1,1,1,1,2,5,1
"212",212,1,1,4,3,4,4,4,4,5,4,5,4,4,5,3,3,4,3,4,1,1,0,4,4,4,3,2,3,1,1,4,1,1,4,2,1,2,2,2.49051490514905,1,4,5,4,4,5,4,3,4,3,4,4,4,4,5,1,1.53452685421995,2,1,1,1,2,1,2,5,1
"213",213,1,1,3,3,3,5,4,4,4,4,4,3,4,5,5,4,5,3,4,2,0,0,4,4,4,4,4,4,0,1,3,0,1,5,6,1,1,1,7,1,4,4,3,4,5,5,3,3,3,3,4.01282051282051,4.07435897435897,3.94871794871795,4.32307692307692,1.82278481012658,1.53452685421995,1.56598984771574,1.54936708860759,1.26075949367089,0.754430379746835,2,1,2,5,1
"214",214,1,0,5,5,5,5,5,4,5,5,5,5,4,4,5,4,2,5,5,1.09438775510204,1,0,4,4,4,4,0,4,1,1,2,1,0,2,8,1,4,2,2,0.938172043010753,4,5,5,5,4,5,4,2,5,5,5,5,4,5,2,2,1,2,1,0,1,1,2,5,1
"215",215,1,1,1,1,1,1,2,4,4,2,1,2,3,4,1,2,2,3,2,1,1,0,2,1,2,0,0,0,1,1,4,1,1,0,5,1,1,0,4,1,2,3,3,3,3,1,1,3,3,2,1,1,3,4,3,2,3,2,1,1,2,1,2,1,1
"216",216,1,1,1,1,1,2,2,1,3,2,4,2,2,2,1,2,1,1,1,1,0,0,1,2,1,1,1,1,0,1,3,1,1,3,1,0,0,0,1,1,2,4,1,2,2,1,2,1,1,2,2,2,2,3,1,1,3,2,1,0,1,1,2,4,1
"217",217,1,0,5,4,5,4,5,5,5,5,5,5,5,5,3,4,3,2,4,1,1,0,4,3,4,2,2,2,0,1,4,1,1,0,4,1,0,0,2,1,4,3,5,4,4,4,4,2,2,4,4,5,5,5,3,1,1,1,1,1,1,1,2,5,1
"218",218,1,1,4,3,3,4,4,3,5,3,5,4,5,5,3,5,2,4,5,1,1,1,4,4,2,3,3,0,0,1,3,1,1,6,3,1,0,0,1,1,3,5,4,4,4,3,4,3,2,4,4,3,4,5,1,1,2,2,1,1,2,1,2,5,1
"219",219,1,1,4,4,3,4,4,4,4,4,2,3,3,4,3,2,2,2,4,1,1,0,4,4,4,0,2,1,0,1,3,1,1,9,1,1,4,1,1,1,4,2,3,3,4,3,3,2,2,4,4,4,4,5,0,1,1,1,1,1,2,1,2,5,1
"220",220,3,1,3,4,4,5,5,5,5,5,2,4,5,5,5,5,4,4,5,2,1,1,4,4,4,4,4,4,1,1,3,0,0,7,1,1,1,1,1,1,5,2,4,5,5,5,5,5,5,5,5,5,5,5,1,2,1,1,1,1,2,1,2,1,1
"221",221,3,1,2,3,3,4,4,4,4,4,4,3,2,2,2,3,4,2,3,0,1,0,3,3,3,2,2,2,1,0,3.34117647058824,0,0,0,13,1,5,0,2.49051490514905,1,4,4,3,2,2,2,3,4,3,3,4,4,4,4,1,1,2,1,1,1,2,1,2,5,1
"222",222,3,1,1,1,1,1,2,2,5,3,3,3,4,5,5,5,5,2,4,1,1,1,3,4,4,3,3,3,1,1,4,1,1,10,0,0,5,1.1536523929471,1,1,2,4,3,4,5,5,5,5,1,4,4,4,5,5,3,0,0,3,0,0,1,1,2,1,1
"223",223,1,1,5,5,5,5,5,5,5,5,5,5,4,5,5,5,4,4,4,1,1,1,4,4,4,4,4,4,1,1,1,0,1,6,4,1,4,1,1,1,4,5,5,4,5,5,5,4,5,5,5,5,5,5,0,1,1,1,1,0,2,1,2,5,1
"224",224,1,1,3,3,4,4,4,4,4,4,5,5,2,2,4,3,4,3,3,1,1,0,4,4,4,4,0,4,1,1,4,0,1,4,14,1,15,4,1,1,4,5,5,3,2,4,3,4,4,4,4,4,4,4,1,1,1,2,2,1,1,1,2,5,1
"225",225,1,1,4,4,4,4,4,4,4,4,4,5,4,4,4,4,4,4,4,1,1,1,4,4,0,0,0,0,0,0,3.34117647058824,0,1,10,5,1,3,2,1,1,4,4,5,4,4,4,4,4,4,4,4,4,4,4,1,1,1,1,1,1,2,1,2,6,1
"226",226,1,1,4,4,4,5,5,5,5,5,5,5,3,3,5,4,3,3,4,2,1,0,3,4,3,3,0,4,0.608695652173913,1,3,1,0,6,10,1,3,1,2.49051490514905,0,4,4,4,3,3,4,4,3,4,4,5,5,5,5,1,1,1,1,1,0,1,1,2,1,1
"227",227,1,0,5,4,4,5,5,5,5,5,5,3,5,5,3,5,5,3,5,1,1,0,4,4,4,0,4,3,0.608695652173913,1,4,1,1,1,0,2,0,0,6,1,5,5,3,5,5,4,5,5,3,5,5,5,5,5,3,1,1,1,1,1,1,1,2,5,1
"228",228,6,1,5,5,4,4,5,5,5,5,5,5,4,5,4,5,3,5,5,1,1,0,4,4,4,2.95989974937343,3,3,1,1,4,1,1,8,4,1,1,1.1536523929471,1,1,5,5,5,5,5,5,5,4,5,5,4,5,5,5,0,1,2,1,1,0,2,1,2,5,1
"229",229,3,1,4,4,4,4,5,5,5,5,5,5,4,4,4,4,4,3,4,1,1,1,4,4,4,4,2,3,0,1,3,1,0,5,4,1,1,1,1,1,4,5,5,4,4,4,4,4,3,4,4,5,5,5,3,2,2,2,2,0,1,1,2,5,1
"230",230,3,1,3,3,3,4,4,3,4,4,5,5,3,2,4,3,3,2,3,1,1,0,4,4,4,4,2,4,0,0,3.34117647058824,0,0,3,0,2,1,0,1,1,4,5,4,3,2,3,3,3,3,3,4,4,3,4,3,1,1,1,2,0,1,1,2,5,1
"231",231,1,1,5,5,5,4,5,5,5,5,5,5,4,5,5,4,5,4,4,1,1,1,4,4,4,4,0,4,0,1,3,1,1,5,5,1,16,3,1,1,5,5,5,4,5,5,4,5,4,4,4,5,5,5,2,2,1,2,1,0,2,1,2,5,1
"232",232,6,1,4,4,4,4,4,3,4,5,4,5,4,4,5,4,2,3,4,1,1,0,4,4,2,0,3,3,1,1,3,1,1,5,9,2,7,1,1,1,4,4,5,4,4,4,3,2,3,4,4,4,3,4,0,0,1,2,1,0,2,1,2,5,1
"233",233,1,1,5,5,5,5,5,5,5,5,5,5,5,5,5,5,5,5,5,1,1,0,4,4,4,4,4,4,0,1,4,1,1,0,2,2,2,0,1,1,5,5,5,5,5,5,5,5,5,5,5,5,5,5,2,2,1,3,1,1,1,1,2,5,1
"234",234,1,1,4,4,4,4,4,4,3,5,5,5,3,3,4,4,4,3,4,1,1,1,4,4,3,3,3,2,0,1,3,0,1,6,3,1,4,1,2,1,5,5,5,4,3,3,4,4,3,4,4,4,3,3,1,1,1,1,1,1,1,1,2,5,1
"235",235,1,1,5,2,3,4,4,3,5,2,5,5,3,4,3,4,5,5,4,2,0,0,4,4,3,3,0,4,0,1,2,0,1,1,5,0,1,0,1,1,2,5,5,3,3,3,3,5,4,4,4,4,2,5,2,1,1,1,1,1,1,1,2,5,1
"236",236,3,1,2,1,2,1,1,1,5,1,5,1,3,1,2,1,1,1,1,1,1,0,4,1,1,2,1,1,1,1,3,0,1,9,10,1,3,0,1,1,1,5,1,1,1,1,1,1,1,1,1,1,1,5,1,1,1,1,1,0,2,1,2,4,1
"237",237,1,1,4,5,4,5,4,4,5,4,4,5,3,3,3,4,4,3,4,2,1,0,3,4,3,3,3,0,1,1,4,0,1,8,6,1,1,2,1,1,4,4,5,3,3,2,4,4,3,4,4,4,5,5,1,1,2,2,1,1,1,1,2,5,1
"238",238,3,1,4,4,4,4,4,4,4,4,3,4,1,1,4,4,5,4,4,2,1,1,4,4,4,4,4,4,0,1,4,1,0,12,1,1,5,1,1,1,4,3,4,1,1,4,4,5,4,4,4,4,4,4,1,1,1,1,1,2,1,2,2,5,1
"239",239,1,1,4,5,5,4,4,3,5,5,5,4,4,3,2,5,2,1,4,1,1,0,4,4,3,3,1,1,0,1,4,1,1,0,8,1,0,0,1,1,5,5,4,5,4,4,4,2,1,4,5,5,3,5,2,2,1,1,1,1,1,1,2,5,1
"240",240,1,1,4,3,3,3,4,4,4,4,3,4,5,4,4,4,3,1,3,1,1,1,4,4,4,1,2,2,0,0,3.34117647058824,0,1,10,5,1,4,1,1,1,4,4,4,4,4,3,3,1,1,3,3,3,4,3,3,3,2,2,2,1,1,1,2,1,1
"241",241,1,1,4,4,4,4,5,4,5,4,5,4,2,3,5,5,4,4,4,1,1,1,4,4,4,4,3,4,0,1,3,1,1,5,8,1,3,2,1,0,4,5,4,2,3,5,5,4,5,4,4,4,4,4,2,2,2,2,2,1,1,1,2,5,1
"242",242,1,1,4,3,3,3,3,4,4,4,5,4,3,2,2,4,5,5,3,1,1,1,4,4,4,4,4,4,1,1,4,0,1,10,5,1,6,2,2,1,4,4,4,3,2,3,3,4,4,3,3,3,4,4,1,1.53452685421995,2,1,1,1,1,1,2,5,1
"243",243,1,0,4,2,3,4,4,3,4,4,5,3,2,3,5,4,1,1,3,1,1,1,4,3,4,3,0,0,1,1,3,0,0,0,2,1,1,1,2,1,4,4,4,3,3,3,3,2,2,3,4,4,3,4,3,2,1,3,1,1,2,1,2,5,1
"244",244,1,1,4,3,3,4,4,4,3,4,5,3,3,3,2,3,3,1,3,1.09438775510204,1,0,3,3,3,2,2,2,0,1,4,0,0,1,1,0,1,0,2,1,3,5,3,3,3,2,3,3,1,3,4,4,4,4,2,3,1,1,1,1,1,1,2,5,1
"245",245,1,1,4,4,4,4,4,5,5,4,5,4,2,3,3,3,4,5,4,1,1,1,3,3,4,4,3,4,1,1,4,1,1,16,7,1,10,1,2,1,4,5,4,2,3,4,3,4,4,4,4,4,5,5,2,1,2,2,1,1,1,1,2,5,1
"246",246,6,1,2,5,4,3,4,5,5,3,5,4,2,4,3,2,5,3,3,1,1,1,3,3,2,0,3,3,0,1,4,1,1,7,3,1,3,1,2.49051490514905,0.938172043010753,3,5,4,2,3,3,2,5,3,3,3,4,5,5,2,1,2,2,2,0,1,1,2,5,1
"247",247,1,0,4,3,3,5,4,4,4,4,4,3,4,5,3,3,4,3,3,1,1,0,4,4,3,3,3,3,1,1,4,0,0,4,8,1,3,0,4,0.938172043010753,4,3,3,4,5,3,3,4,2,4,5,4,4,4,2,2,1,1,1,1,1,1,2,5,1
"248",248,6,1,4,5,4,4,4,4,5,4,5,4,4,4,3,4,5,3,4,1,1,1,3,3,3,4,0,0,0,1,3,1,1,4,6,1,5,0,7,1,4,5,4,4,4,3,4,5,3,4,4,5,5,5,2,1,2,1,1,1,1,1,2,5,1
"249",249,3,1,5,4,4,5,5,5,5,5,5,4,4,4,4,5,4,4,4,1,1,0,3.56532663316583,4,4,0,0,0,0,0,3.34117647058824,0,0,1,8,1,9,1,1,1,5,5,4,4,4,4,4,4,3.13624678663239,4,5,5,5,5,1,1,2,1,1,1,2,1,2,5,1
"250",250,4,1,5,4,5,5,5,5,5,5,5,5,4,5,2,5,4,3,5,2,1,1,4,4,4,4,0,4,1,1,4,0,1,2,9,1,49,5,2,1,4,5,5,5,5,3,5,3,4,5,5,5,5,5,2,1,1,1,1,1,2,1,2,5,1
"251",251,1,1,4,4,4,4,4,4,4,5,5,5,4,4,5,5,4,4,5,1,1,1,4,4,4,4,4,3,1,1,4,1,1,6,3,1,4,1,2.49051490514905,1,5,5,5,4,5,4,5,5,4,5,4,5,5,5,0,2,2,2,1,0,2,1,2,5,1
"252",252,1,1,4,4,4,5,5,5,5,3,4,3,3,5,5,4,4,4,4,1,1,1,4,4,4,4,4,4,1,1,3,0,1,6,25,1,8,0,1,1,3,4,3,3,5,5,5,4,4,3,5,5,5,5,1,1,1,2,1,0,2,1,2,5,1
"253",253,6,1,5,4,5,4,4,4,5,5,5,5,4,4,4,4,2,2,4,1,1,1,4,4,4,3,2,3,0,1,2,1,1,3,3,1,3,0,1,1,5,5,5,4,4,4,4,2,2,4,4,4,4,5,1,1,1,3,1,0,1,1,2,5,1
"254",254,3,1,3,5,4,4,4,4,5,5,5,5,4,4,4,4,5,3,5,1,1,1,4,4,4,4,3,3,1,1,2,0,0,5,10,1,1,3,7,1,4,4,4,4,4,4,4,4,4,4,5,4,5,5,3,3,3,3,1,1,2,1,2,5,1
"255",255,2.35368956743003,0,5,3,4,5,5,5,4,3,4,3,3,4,5,4,4,4,4,0,1,1,4,4,4,4,0,4,1,0,3.34117647058824,1,1,0,25,1,13,5,1,1,3,4,3,3,5,5,4,4,4,4,5,5,5,4,1,1,1,1,2,1,2,1,2,5,1
"256",256,1,0,2,4,3,3,4,4,4,1,3,3,3,3,1,1,3,2,2,0,0,0,3,2,2,3,0,0,1,1,3,1,0,2,6,0,4,0,2.49051490514905,0.938172043010753,1,3,3,3,3,1,1,2,2,2,3,4,4,4,0,1,2,3,1,1,2,1,2,5,1
"257",257,3,1,5,5,5,4,5,5,5,5,5,5,5,5,5,5,5,5,5,1,1,1,4,4,4,4,4,4,0,1,4,0,1,5,8,1,3,1,1,1,5,5,5,5,5,5,5,5,5,5,4,5,5,5,2,0,1,1,1,0,2,1,2,5,1
"258",258,6,1,5,3,4,5,5,5,5,4,4,5,4,4,5,4,5,5,5,2,1,1,3,3,3,4,4,4,1,1,2,1,1,5,6,1,8,3,1,1,3,5,5,4,4,4,4,5,5,5,5,5,5,5,2,2,1,1,1,1,1,1,2,5,1
"259",259,4,1,4,3,4,4,4,4,4,4,4,5,4,4,3,5,2,4,4,1,1,1,3,4,4,2,2,2,1,1,4,0,0,0,15,0,18,4,1,1,4,4,5,4,4,2,4,2,4,4,4,4,4,4,2,3,1,1,1,0,2,1,2,5,1
"260",260,3,1,5,5,5,5,5,5,5,5,5,5,5,5,4,5,5,5,5,1,1,0,4,4,4,4,4,4,1,0,3.34117647058824,0,0,5,2,1,3,2,1,1,5,5,5,5,5,5,5,5,5,5,5,5,5,5,1,2,2,2,2,1,1,1,2,5,1
"261",261,1,0,5,4,4,5,5,5,5,4,4,3,5,5,5,5,5,5,5,1,1,0,4,4,4,4,0,4,1,1,4,1,0,2,10,1,3,1,2,1,4,4,3,5,5,5,5,5,5,5,5,5,5,5,3,1,1,1,1,1,1,1,2,5,1
"262",262,1,1,4,3,4,4,4,4,5,4,5,4,4,4,5,5,2,5,4,1,1,1,4,4,3,3,3,3,1,1,3,1,1,10,0,2,0,5,1,1,4,5,4,4,4,5,3,2,4,4,4,4,4,5,1,3,1,1,1,1,1,1,2,5,1
"263",263,3,1,4,4,4,4,4,4,4,4,3,4,4,4,4,3,4,3,4,1,0,0,3,3,3,3,2,2,1,0,3.34117647058824,0,0,5,8,1,1,2,1,1,4,3,4,4,4,4,3,4,3,4,4,4,4,4,1,2,2,2,1,0,2,1,2,5,1
"264",264,1,1,5,3,4,4,4,4,4,5,4,4,3,4,3,3,2,3,3.71788413098237,2,1,0,4,3.57894736842105,4,3,2,0,1,1,4,0,1,6,5,1,2,1,1,1,4,3,4,3,4,3,3,3,3,4,4,4,4,4,2,2,2,2,1,1,1,1,2,5,1
"265",265,3,1,4,5,4,2,3,5,5,4,4,4,4,4,3,2,3,4,4,1,1,0,2,2,3,1,1,1,1,0,3.34117647058824,0,1,12,5,1,1,0,4,1,4,4,4,5,4,3,2,3,4,4,2,3,4,5,3,2,2,2,1,1,2,1,2,5,1
"266",266,1,0,4,4,4,5,4,5,5,3,5,4,4,4,4,5,3,3,4,1,1,0,4,4,4,4,4,4,0,1,4,1,0,0,8,1,2,0,2,0.938172043010753,3,5,4,4,4,4,5,3,4,4,5,4,5,5,1,1,2,1,2,1,2,1,2,5,1
"267",267,1,0,4,4,4,3,3,3,3,3,4,4,5,5,5,4,1,5,5,1,1,1,4,4,4,4,0,4,1,1,4,1,1,5,10,1,2,0,2,1,3,4,4,4,5,5,5,1,5,5,3,3,3,3,1,1,1,2,1,1,1,1,2,5,1
"268",268,1,0,3,2,3,5,5,3,4,3,2,3,3,3,4,3,2,2,3.71788413098237,2,1,0,4,4,4,3,3,3,0,0,3.34117647058824,1,1,0,0,2,0,0,2,1,3,2,3,3,3,3,5,3,2,3,5,4,3,4,3,3,2,2,1,1,2,1,2,5,1
"269",269,1,0,5,4,4,5,5,3,2,3,3,5,4,5,5,5,3,2,4,1,1,1,4,4,4,4,4,4,0,1,4,1,1,4,6,1,1,0,2,1,4,3,4,4,5,5,5,3,5,5,4,4,2,2,3,3,1,1,1,1,1,1,2,5,1
"270",270,6,1,4,3,2,4,4,3,5,4,5,5,1,2,1,2,1,2,2,1,1,0,3,3,1,2,2,2,1,1,1,0,1,7,7,0,1,1,1,1,4,5,5,1,2,1,2,1,2,3,4,5,3,5,1,1,2,2,2,1,1,1,2,5,1
"271",271,3,1,4,4,4,3,3,4,5,4,4,4,4,4,3,3,5,4,4,1,1,1,3,4,3,3,3,2,0,0,3.34117647058824,0,1,4,3,1,1,1,7,1,4,4,4,4,4,4,3,5,3,3,3,4,5,5,1,2,2,1,1,1,1,1,2,5,1
"272",272,1,1,4,2,4,4,5,3,4,5,5,5,4,4,4,4,5,4,4,1,1,0,4,4,4,4,4,4,0,1,3,0,1,4,4,0,2,1,1,1,5,4,5,4,4,4,4,4,4,4,4,4,4,4,2,2,2,1,1,1,1,1,2,5,1
"273",273,6,1,4,3,4,5,5,3,4,4,3,4,5,4,5,4,2,2,4,1,1,0,4,4,3,0,4,4,0,1,3,1,1,2,3,1,2,0,2.49051490514905,1,4,3,4,5,4,5,3,2,3,4,4,4,3,4,2,1,1,1,1,1,1,1,2,5,1
"274",274,5,0,5,3,4,4,4,4,5,5,5,5,3,3,5,3,5,2,4,2,0,0,4,4,4,3,0,0,1,1,4,1,1,0,12,1,5,0,2,1,5,5,5,3,3,5,3,5,2,4,4,4,4,5,3,2,1,1,1,0,1,1,2,5,1
"275",275,6,1,5,5,5,5,5,5,5,5,5,5,5,5,5,5,5,5,5,1,1,1,3,4,4,4,4,3,0,1,4,1,1,4,4,0,5,2,4,1,5,5,5,5,5,5,5,5,5,5,5,5,5,5,3,0,1,1,2,0,1,1,2,5,1
"276",276,3,1,4,3,3,4,4,5,4,5,5,5,3,4,4,4,5,4,4,1,1,0,3,3,3,4,3,3,0,0,3.34117647058824,0,1,10,6,1,2,0,1,1,4,5,5,4,4,4,4,5,4,5,4,5,5,5,2,3,2,2,1,0,1,1,2,5,1
"277",277,1,0,4,4,4,4,3,5,5,4,4,3,5,4,5,5,4,4,4,1,1,1,4,4,4,4,4,4,1,1,2,1,1,0,4,1,0,3,2,1,3,4,3,4,3,5,5,4,4,4,4,4,4,5,3,3,1,1,1,0,2,1,2,5,1
"278",278,3,1,5,2,4,5,5,3,5,4,5,5,4,4,4,4,3,5,4,2,1,1,4,4,4,0,0,0,0,0,3.34117647058824,0,0,5,7,0,1,1,1,1,5,5,5,4,4,4,4,3,5,4,5,5,4,5,3,3,2,1,2,0,1,1,2,5,1
"279",279,6,1,3,5,5,3,4,4,5,4,5,5,3,3,5,5,4,3,4,1,1,1,4,4,4,3,4,4,0,0,3.34117647058824,0,0,0,2,1,5,3,4,1,4,5,5,3,3,5,5,5,3,4,3,4,5,5,2,1,1,1,1,0,1,1,2,5,1
"280",280,1,1,4,2,3,4,5,4,4,3,5,5,3,4,4,4,2,3,3,1,0,0,4,4,4,3,3,3,1,1,4,0,1,12,9,1,3,0,2,1,3,5,5,3,4,4,3,2,3,3,4,5,4,4,1,2,1,2,1,1,2,1,2,5,1
"281",281,1,1,5,4,4,4,4,2,4,4,5,5,4,5,4,4,4,3,4,1,1,1,3,4,3,4,4,4,0,1,3,0,1,20,7,1,6,1,1,1,4,5,4,4,4,4,3,4,4,4,4,4,2,4,3,1,1,2,2,0,1,1,2,5,1
"282",282,1,1,3,3,3,4,3,4,4,3,4,3,2,4,3,2,5,2,3,2,1,1,2,3,4,0,0,3,0,1,3,0,0,9,2,1,2,1,1,1,3,4,3,2,4,3,2,5,2,3,4,3,4,4,1,1,1,2,1,1,1,1,2,5,1
"283",283,1,0,4,2,3,4,4,2,3,4,5,2,2,5,5,4,5,1,3,1,1,1,4,4,4,4,4,3,1,1,4,1,0,1,1,0,2,0,2,1,4,5,3,2,5,5,3,4,1,3,4,4,1,3,2,3,1,1,1,1,1,1,2,5,1
"284",284,6,1,4,3,4,4,4,4,4,5,5,5,4,4,3,4,4,4,4,1,1,0,4,4,3,4,3,3,0,1,3,0,1,5,6,1,10,2,1,1,4,5,5,4,4,4,4,4,4,4,4,4,4,4,1,1,1,1,1,1,2,2,2,1,1
"285",285,6,1,4,5,4,3,5,5,5,4,5,5,4,4,5,5,3,3,4,1,1,0,4,3,2,4,2,3,0,1,4,1,1,4,3,1,1,1,1,1,5,5,5,4,4,4,3.59125964010283,3,4,4,4,5,5,5,1,1,2,1,1,1,1,1,2,5,1
"286",286,6,1,4,4,5,4,4,3,3,4,4,5,4,4,4,4,5,5,5,1,1,0,4,4,4,4,4,4,1,1,3,0,0,4,7,1,10,1,1,0.938172043010753,4,4,5,3.61282051282051,3.78205128205128,3.65217391304348,3.59125964010283,3.54241645244216,3.13624678663239,3.71794871794872,4.01282051282051,4.07435897435897,3.94871794871795,4.32307692307692,1,1,1,1,1,3,1,1,2,1,1
"287",287,3,1,5,4,5,5,5,4,4,5,3,5,4,3,2,3,4,3,3,1,1,1,4,4,4,4,4,4,0,0,3.34117647058824,0,1,7,6,1,5,2,2.49051490514905,1,5,3,5,3,4,2,4,4,3,3,4,4,4,4,0,3,2,2,1,0,2,1,2,5,1
"288",288,1,1,4,3,4,4,4,2,3,5,5,4,5,5,5,4,1,4,5,1,1,1,4,4,4,4,0,4,1,1,3,0,1,12,8,1,0,0,2,0,5,5,4,3.61282051282051,3.78205128205128,3.65217391304348,3.59125964010283,3.54241645244216,3.13624678663239,3.71794871794872,4,4,2,3,2,1,1,1,2,1,2,1,2,5,1
"289",289,1,0,5,5,5,5,5,5,5,5,5,5,5,5,4,4,3,1,4,0,1,0,3,3,4,3,1,2,0,1,4,1,1,0,3,1,0,0,2,1,4,4,5,5,5,5,5,4,2,4,5,5,5,5,3,1,1,1,1,0,2,1,2,5,1
"290",290,3,1,4,4,4,5,4,5,5,4,5,5,4,4,3,4,2,3,4,2,1,0,4,3,3,2,2,2,1,0,3.34117647058824,0,0,11,2,2,2,1,1,1,4,5,5,4,4,3,4,2,2,4,5,4,5,5,1,2,2,2,1,1,2,1,2,5,1
"291",291,1,0,4,4,4,5,5,5,5,3,3,4,5,5,3,4,5,2,5,1,1,0,4,4,4,3,3,3,1,1,4,0,0,1,7,1,0,1,2.49051490514905,0.938172043010753,3,3,4,5,5,3,5,5,2,3.71794871794872,5,5,5,5,2,3,1,1,1,0,2,1,2,5,1
"292",292,2,0,4,2,4,4,4,4,4,4,5,4,4,5,4,5,3,4,4,1,1,1,4,4,4,4,4,4,1,1,4,1,1,4,35,1,10,3,1,1,4,5,4,4,4,4,4,2,3,4,4,4,4,4,1,2,2,1,1,1,3,1,2,5,1
"293",293,6,1,2,3,1,3,3,3,4,3,3,3,2,2,1,2,2,1,1,1,1,0,1,2,2,2,1,1,1,1,4,1,0,5,7,1,1,0,1,1,2,3,2,1,2,1,1,2,1,1,3,3,3,4,0,1,3,2,1,0,2,1,2,5,1
"294",294,3,1,3,3,3,4,4,4,4,4,3,2,3,3,2,1,4,1,3,0,0,0,4,4,4,4,4,3,0,0,3.34117647058824,0,1,0,1,0,3,2,2,1,3,3,2,3,3,2,2,4,2,3,4,4,4,4,3,2,1,1,1,1,1,1,2,5,1
"295",295,1,1,3,2,3,4,4,3,4,4,2,4,4,2,2,3,3,5,3,1,1,0,4,2,2,4,2,2,0,1,3,0,0,5,2,1,0,1,1,1,4,2,3,4,2,2,3,3,5,3,5,4,3,4,2,1,2,2,1,1,1,1,2,5,1
"296",296,1,1,3,3,3,3,3,2,5,4,3,2,3,3,3,4,3,1,3,2,1,0,4,4,4,4,2,3,1,1,2,0,1,0,12,1,17,4,4,1,4,4,3,3,2,3,3,3,2,3,3,3,2,5,1,1,3,3,2,1,2,1,2,5,1
"297",297,1,0,2,1,2,2,1,1,1,2,3,2,2,2,1,2,1,1,1,1,1,1,3,3,3,2,2,0,1,1,3,0,0,0,2,0,1,0,2,1,1,5,2,2,2,1,2,1,1,1,2,1,1,1,3,1,3,2,1,1,2,1,2,5,1
"298",298,5,0,3,3,3,4,3,2,2,2,5,3,2,2,2,3,4,1,2,1,1,0,3,3,3,2,1,2,0,1,2,1,1,0,0,2,4,1,3,1,2,5,3,2,2,2,2,4,1,2,4,2,2,2,1,1,3,2,2,0,1,1,3,6,1
"299",299,1,0,3,2,2,2,4,3,4,4,5,3,2,3,2,3,1,1,2,1,0,1,0,3,4,1,1,2,1,1,3,0,0,1,4,1,0,4,3,1,4,4,3,2,2,1,2,1,1,2,3,3,3,4,2,2,3,2,1,1,2,1,2,4,1
"300",300,1,1,2,4,2,1,1,4,5,2,4,3,2,3,1,2,1,1,2,1,0,0,3,3,3,0,0,0,1,1,4,0,1,14,4,1,4,0,1,1,2,4,3,2,3,1,2,1,1,2,1,1,4,5,1,1,3,2,2,0,1,1,2,5,1
"301",301,1,1,4,1,2,4,4,2,3,4,3,5,4,5,5,5,3,1,4,1,1,1,4,4,4,4,2,3,0,1,3,1,0,6,8,1,2,1,1,1,3,3,5,5,5,5,5,4,2,4,5,3,2,3,3,2,1,1,1,3,2,2,2,1,1
"302",302,1,1,2,3,3,2,3,2,4,3,5,3,3,3,2,2,2,3,3,0,1,0,2,3,3,0,0,0,1,0,3.34117647058824,0,1,0,8,1,8,0,4,1,4,5,3,3,3,2,2,1,2,3,2,3,2,4,0,2,3,2,2,0,2,1,2,1,1
"303",303,6,1,5,5,5,5,5,5,5,5,5,5,5,5,5,5,5,4,5,1,1,1,4,4,4,4,4,4,0,1,3,1,1,10,2,1,3,2,7,1,5,5,5,5,5,5,5,5,4,5,5,5,5,5,1,1,1,1,1,1,1,1,2,1,1
"304",304,2.35368956743003,0,5,3,4,5,5,5,5,4,5,5,5,5,3,3,4,2,4,1.09438775510204,1,1,3,2,3,2,2,1,1,1,4,0,0,8,10,1,3,1,3,0,4,4,5,5,5,3,3,4,2,4,5,5,5,5,1,2,2,2,2,3,2,2,2,5,1
"305",305,3,1,4,4,4,4,4,4,5,5,5,5,4,4,5,4,2,3,4,1,1,0,4,4,4,4,3,3,1,1,4,0,1,4,7,1,3,1,2,1,5,5,5,4,4,5,4,2,3,4,4,4,4,5,2,1,1,2,1,0,1,1,2,5,1
"306",306,1,1,4,3,4,5,5,5,4,4,5,5,2,2,3,2,5,4,4,1,1,0,4,4,4,4,4,3,0,1,4,1,1,3,6,1,1,1,2,1,4,5,5,2,2,4,2,5,4,4,4,5,5,4,2,3,2,2,1,1,2,1,2,5,1
"307",307,6,1,4,3,4,5,4,3,3,4,2,5,2,4,5,4,5,5,5,1,1,0,4,4,4,4,4,4,0,1,3,0,1,10,20,1,8,2,1,1,4,2,5,3,4,5,5,5,5,5,5,4,3,3,2,2,1,2,2,1,2,1,2,5,1
"308",308,1,1,5,5,5,5,5,5,5,5,5,5,5,5,5,5,5,5,5,1,1,1,4,4,4,4,4,4,1,1,4,1,1,1,2,1,1,1,2,0,5,5,5,5,5,5,5,5,5,5,5,5,5,5,1,2,1,1,1,1,2,2,2,1,1
"309",309,1,0,4,3,4,5,4,4,5,4,3,4,3,4,5,4,5,4,4,1,1,1,4,4,4,4,4,4,1,1,4,1,1,2,8,1,3,0,2,0,4,3,4,3,4,5,4,5,4,4,5,4,4,5,3,2,1,1,1,0,2,1,2,5,1
"310",310,1,0,3,2,3,4,2,3,2,3,5,2,4,3,4,3,2,1,3,1,0,0,4,4,4,4,1,3,1,1,4,0,1,3,15,1,7,1,2,1,3,5,2,3,4,4,2,1,2,3,4,2,3,2,3,3,1,1,1,1,1,2,2,5,1
"311",311,1,1,4,2,2,3,4,2,2,3,4,3,5,4,4,3,1,3,3,2,1,0,2,3,3,4,3,3,1,1,3,0,1,4,1,1,0,1,2,1,3,3,3,5,4,4,3,1,3,3,3,4,2,2,1,1,1,1,1,1,2,1,2,5,1
"312",312,6,1,3,4,4,4,5,4,5,4,3,5,3,3,3,4,5,4,4,1,1,0,3,4,2,4,3,2,1,1,4,1,1,10,6,1,4,1,1,1,4,4,4,3,3,3,4,4,3,4,4,5,4,5,1,1,2,1,1,0,1,1,2,5,1
"313",313,1,0,4,3,3,4,4,4,4,4,4,4,5,4,3,4,2,3,4,1,1,0,4,4,4,3,2,4,1,1,3,1,0,3,10,1,2,1,2,0.938172043010753,4,4,3,4,4,4,3,2,3,4,4,4,4,4,3,3,1,1,1,1,1,1,2,5,1
"314",314,1,1,4,4,4,5,5,4,4,5,5,5,3,3,4,4,5,3,4,1,1,0,3,3,3,3,2,2,0.608695652173913,1,3,1,1,7,5,1,2,3,7,1,5,4,5,3,3,4,4,4,3,4,5,4,4,5,1,1,1,2,2,1,2,1,2,5,1
"315",315,1,1,5,5,5,5,5,5,5,5,5,5,5,5,5,5,5,3,5,1,1,1,4,4,4,4,3,3,1,1,4,1,1,5,3,1,12,3,2,1,5,5,5,5,5,5,5,5,4,5,5,5,5,5,1,2,1,1,1,1,1,1,2,5,1
"316",316,1,1,4,4,4,5,3,3,5,4,5,5,4,3,4,5,4,3.02010050251256,4,0,1,1,4,4,4,4,4,3,1,1,4,0,1,3,4,1,6,0,1,1,4,5,5,4,3,4,4,3,3,4,5,3,3,5,1,1,1,2,2,1,2,1,2,5,1
"317",317,1,1,3,3,3,4,4,4,5,3,5,3,2,2,3,3,4,3,3,1,1,1,2,3,3,2,2,3,1,1,2,0,1,0,7,1,3,1,3,1,2,5,3,2,2,3,3,4,2,3,4,4,4,5,1,2,2,2,1,1,2,1,2,5,1
"318",318,1,1,5,4,4,4,5,4,4,4,5,4,4,4,5,4,4,4,4,1,1,1,3,4,4,3,3,4,1,1,3,0,1,10,6,1,0,1,1,0,4,5,4,5,5,4,3,3,3,4,5,5,4,4,2,2,1,1,1,0,1,1,2,5,1
"319",319,1,1,3,2,2,3,2,3,2,2,5,3,3,3,2,3,4,1,2,1,1,0,3,2,4,0,2,0,0,1,2,1,1,0,2,1,4,4,1,1,2,5,3,3,3,2,2,4,1,2,3,2,2,3,3,2,3,3,1,0,1,1,2,5,1
"320",320,5,0,5,1,3,4,4,2,3,1,4,1,4,5,2,4,3,1,3,0,1,1,4,3,3,4,0,3,1,1,1,0,1,4,23,1,4,0,2,1,1,4,2,4,4,2,3,3,2,3,4,4,2,3,2,2,1,2,1,1,1,1,2,5,1
"321",321,1,1,5,3,4,3,4,4,4,5,5,4,3,4,4,3,2,3,4,1,1,1,4,4,4,4,3,4,0,1,3,1,1,5,2,1,6,2,1,1,5,5,4,3.61282051282051,3.78205128205128,3.65217391304348,3.59125964010283,3.54241645244216,3.13624678663239,3.71794871794872,4.01282051282051,4.07435897435897,3.94871794871795,4.32307692307692,2,2,2,2,2,1,2,1,2,4,1
"322",322,3,1,4,4,4,4,4,4,4,4,4,4,4,4,4,4,4,4,4,1,1,1,4,4,0,4,4,4,1,0,3.34117647058824,0,0,1,12,1,10,3,1,0,4,4,4,4,4,4,4,4,4,4,4,4,4,4,2,2,2,1,1,1,1,1,2,5,1
"323",323,3,1,4,2,4,4,5,4,5,5,5,5,3,3,4,3,5,3,4,1.09438775510204,1,0,4,4,4,4,4,4,0,0,3.34117647058824,0,0,5,5,0,1,2,2,1,5,5,5,3,3,3,3,5,3,4,4,4,3,4,2,1,3,2,1,0,2,1,2,4,1
"324",324,1,1,4,3,4,4,5,5,5,4,5,5,4,5,5,4,4,4,5,1,1,0,4,4,4,4,2,3,0,1,3,1,1,5,3,1,4,0,2.49051490514905,1,4,5,5,4,4,4,4,4,3,5,4,5,4,5,1,1,2,1,1,1,1,1,2,5,1
"325",325,1,1,5,2,5,5,5,5,5,5,5,5,5,5,5,5,5,5,5,2,1,1,0,0,0,0,0,0,0.608695652173913,1,3,0,1,5,20,1,5,3,2.49051490514905,0,5,5,5,5,5,5,5,5,5,5,5,5,5,5,1,1,1,1,1,1,2,1,2,5,1
"326",326,6,1,5,5,5,5,5,5,5,5,5,5,5,5,5,5,5,5,5,1,1,1,4,3,3,4,4,4,0,1,3,0,1,4.81658291457286,6.50877192982456,0.947368421052632,3.79699248120301,1.1536523929471,1,1,5,5,5,5,5,5,5,5,5,5,5,5,5,5,2,1,1,1,1,3,1,2,2,1,1
"327",327,3,1,4,4,4,4,4,3,4,3,5,3,4,4,4,4,5,4,4,1,1,1,3,3,3,4,4,4,1,0,3.34117647058824,0,0,3,4,1,2,0,1,1,4,5,3,3,3,4,4,5,4,4,4,5,3,5,2,2,1,1,2,1,2,1,2,1,1
"328",328,1,1,4,3,4,4,4,4,4,3,5,2,4,4,3,5,4,2,3,1,1,1,4,4,3,0,0,3,1,1,4,1,1,4,1,0,0,3,2,1,3,5,2,4,4,4,5,4,3,3,4,4,4,4,1,1,2,1,1,1,2,1,2,5,1
"329",329,6,1,5,5,5,5,5,5,5,5,5,5,5,5,5,5,5,5,5,1,1,0,4,4,4,4,4,4,0,1,3,0,1,1,1,1,2,3,2,1,5,5,5,5,5,5,5,5,5,5,5,5,5,5,1,1,1,1,1,1,2,1,2,6,1
"330",330,6,1,4,3,3,3,4,4,4,3,3,4,4,4,4,4,2,3,3,1,1,1,4,3,3,3,3,2,0,1,2,0,1,3,3,1,4,1,7,1,4,3,4,4,4,4,4,3,3,3,4,4,4,4,2,2,2,2,2,2,2,2,2,5,1
"331",331,1,1,5,5,5,5,5,5,5,5,5,5,5,5,5,5,5,5,5,1,1,0,4,4,4,4,4,4,1,1,4,1,1,4,6,1,1,2,2,0,5,5,5,5,5,5,5,5,5,5,4,4,4,4,2,1,1,1,2,1,1,1,2,1,1
"332",332,1,1,4,5,5,5,5,4,4,5,5,5,4,4,3,5,4,3,4,1,1,1,4,4,3,3,4,3,0,1,3,1,1,2,3,1,3,3,5,1,5,5,5,4,5,3,5,4,3,4,5,5,4,4,1,1,1,1,1,0,1,1,2,1,1
"333",333,1,1,2,3,2,2,4,4,5,2,5,2,2,2,1,3,3,1,2,1,1,0,2,2,2,1,1,1,0,1,4,1,0,10,15,1,7,2,2,1,2,5,2,2,2,1,3,3,1,2,2,2,4,5,1,2,3,1,1,1,2,1,2,5,1
"334",334,1,1,4,4,4,5,4,4,5,3,4,3,4,3,3,4,2,2,3,1,1,0,4,4,4,3,2,2,0,1,4,1,1,6,7,1,5,2,1,1,3,4,3,3,4,3,3,2,2,3,5,4,4,5,2,1,1,2,1,1,1,1,2,5,1
"335",335,1,0,5,4,4,5,5,5,5,5,5,5,4,5,5,4,4,5,4,1,1,1,4,4,4,4,4,4,1,1,4,1,1,10,25,1,3,2,2,1,4,5,5,4,5,5,3,4,5,4,5,4,4,4,2,2,1,2,1,1,2,1,1,7,0
"336",336,1,1,4,2,3,4,4,4,4,2,5,5,2,2,3,2,1,2,2,1,1,0,3,3,3,3,3,3,0,1,4,1,1,5,10,1,3,1,1,1,2,5,4,2,2,2,3,1,2,2,4,4,4,4,3,1,1,1,1,1,1,1,1,7,0
"337",337,3,1,3,4,3,5,5,4,5,3,3,3,2,3,5,5,5,2,3,1,1,1,4,3,2,0,4,3,1,0,3.34117647058824,0,1,4,1,1,2,0,2.49051490514905,1,3,3,3,2,4,5,5,5,2,3,5,5,4,5,2,2,1,1,1,1,1,1,1,7,0
"338",338,1,1,3,3,3,4,4,3,3,3,5,3,3,3,2,3,4,3,3,2,1,1,2,3,3,3,3,3,1,1,4,1,1,1,4,1,3,0,2,1,3,5,3,3,3,3,4,4,3,3,3,4,3,3,1,1,3,2,1,1,1,1,2,2,0
"339",339,1,0,3,2,3,4,5,4,5,2,3,2,3,4,2,2,1,1,2,1.09438775510204,1,1,4,3,4,2,1,3,1,1,2,0,0,0,3,1,4,0,7,1,1,3,2,3,3,2,1,1,2,3,4,4,4,5,3,1,3,3,3,0,1,1,1,7,0
"340",340,1,0,3,1,2,3,2,3,1,1,1,2,3,3,2,1,3,2,2,2,1,1,2,1,4,2,1,1,0,1,4,0,1,4.81658291457286,9,0,3,2,2,1,1,2,1,3,4,1,1,3,1,2,2,2,3,1,2,2,1,3,1,1,2,1,2,2,0
"341",341,6,1,3,5,4,4,4,5,5,4,4,4,3,3,3,3,4,4,4,2,1,0,4,4,4,3,3,0,0,1,2,1,1,3,4,1,1,0,1,1,4,3,4,4,3,3,3,4,4,4,4,4,5,5,0,1,2,2,2,0,2,1,1,7,0
"342",342,1,0,5,5,5,5,5,5,5,5,5,5,5,3,4,3,3,1,3,0,1,0,4,4,4,4,0,4,0.608695652173913,1,4,1,0,2,4,1,0,0,2,1,5,5,5,5,5,5,5,5,5,5,5,5,5,5,2,3,1,1,1,1,2,2,1,7,0
"343",343,3,1,4,4,4,4,5,4,4,3,3,5,5,5,3,2,4,3,4,2,1,1,4,3,4,3,3,0,0,1,4,1,1,7,2,1,4,4,1,1,3,3,5,5,5,4,2,5,4,4,4,4,5,4,2,1,2,3,3,0,1,1,1,7,0
"344",344,1,0,5,5,5,5,4,4,5,4,4,5,4,4,3,3,2,3,4,2,1,1,3,3,4,0,0,0,1,1,4,1,0,0,14,1,8,2,2,1,4,4,5,3,4,3,3,2,3,4,5,5,4,5,2,2,2,2,1,1,1,1,1,7,0
"345",345,1,1,3,3,3,3,4,3,4,3,2,4,3,3,1,2,5,1,3,1,0,0,3,2,0,0,0,0,1,1,4,0,1,6,5,0,0,2,2,0,2,2,4,3,3,1,2,5,2,3,3,4,3,4,1,1,2,2,1,0,2,1,1,7,0
"346",346,1,1,4,3,3,4,4,4,4,3,3,4,4,4,4,4,4,3,4,0,1,0,4,4,4,4,4,4,1,0,3.34117647058824,0,1,1,6,1,1,1,7,1,3,3,4,3,4,4,4,4,3,4,4,4,4,4,2,3,1,1,1,1,1,1,2,2,0
"347",347,3,1,4,3,4,5,4,3,4,4,4,4,4,4,4,5,4,4,4,1,1,1,4,4,4,4,4,4,1,0,3.34117647058824,0,1,8,4,2,1,2,1,1,4,4,5,4,4,4,4,4,4,4,5,5,4,4,3,0,1,2,2,0,1,1,2,4,0
"348",348,1,0,4,2,3,4,4,4,4,4,4,4,5,5,5,4,4,2,4,1,1,1,4,4,4,3,2,3,1,0,3.34117647058824,1,1,2,10,1,1,0,5,1,3,4,3,4,4,4,4,3,2,3,4,4,4,4,3,2,1,2,1,0,2,1,2,2,0
"349",349,1,1,3,2,2,2,2,4,4,3,2,3,3,2,2,2,2,1,2,1,1,0,1,1,3,3,1,1,0,1,1,0,1,4,2,1,4,0,1,1,3,1,3,3,2,2,2,2,1,2,3,3,4,4,3,1.53452685421995,2,1,1,1,2,1,1,7,0
"350",350,3,1,5,3,4,5,5,3,5,4,5,4,5,5,5,5,5,2,4,1,0,0,2,4,3,1,1,1,1,1,4,1,0,10,5,1,3,0,1,0.938172043010753,4,4,4,5,5,5,5,5,2,5,4,5,4,5,2,0,1,1,1,0,2,1,1,7,0
"351",351,3,1,4,3,3,4,5,3,5,4,4,4,3,3,4,4,4,2,4,2,1,0,3,4,4,1,1,1,1,0,3.34117647058824,0,1,9,7,1,3,0,1,1,4,4,4,3,4,3,4,4,2,4,4,5,2,5,2,1,1,2,1,1,1,1,2,4,0
"352",352,6,1,4,4,4,4,4,2,4,4,5,4,3,3,3,4,4,5,4,1,1,0,4,4,4,4,4,4,1,1,1,0,1,0,20,1,4,3,1,1,4,4,4,3,3,3,3,3,5,4,4,4,2,4,2,1,1,1,2,1,1,1,1,7,0
"353",353,5,0,5,5,5,5,5,5,5,5,5,5,5,5,5,5,5,5,5,1,1,1,4,4,4,4,4,4,0.608695652173913,1,4,1,1,3,20,2,0,0,2,1,5,5,5,5,5,5,5,5,5,5,5,5,5,5,1,1,1,1,1,1,1,1,2,2,0
"354",354,1,0,5,5,5,5,5,5,5,5,5,5,5,5,5,5,5,3,5,1,1,1,4,4,4,4,4,3,1,0,3.34117647058824,1,0,1,2,0,0,0,2,1,5,5,5,5,5,5,5,5,3,5,5,5,5,5,1,1,1,1,1,1,1,1,1,7,0
"355",355,3,1,4,4,4,5,5,5,4,5,5,5,5,4,5,5,5,4,5,1,1,0,4,4,4,3,3,3,1,0,3.34117647058824,0,0,3,2,1,4,2,1,1,5,5,5,4,4,5,5,4,4,4,5,5,5,4,1,1,2,1,1,1,1,1,1,7,0
"356",356,1,1,4,5,5,5,4,4,3,4,5,5,4,2,3,2,5,2,3,2,1,1,3,3,3,2,1,2,1,1,1,0,1,10,3,1,1,2,9,1,4,5,5,4,2,3,2,5,2,3,5,5,4,4,1,2,3,1,1,1,1,1,1,7,0
"357",357,1,1,2,1,1,1,2,3,5,1,4,1,2,1,1,2,2,2,1,1,1,1,2,2,3,2,1,3,0,1,3,1,1,9,5,1,3,0,4,0.938172043010753,1,4,1,1,2,1,2,3,2,1,1,1,2,5,2,1,3,2,2,1,3,2,1,7,0
"358",358,3,1,4,1,1,4,4,3,3,2,4,2,2,4,1,4,2,3,3,1,0,0,4,4,4,4,4,4,1,0,3.34117647058824,0,0,20,1,1,2,0,1,1,2,4,2,3,4,4,3,2,3,2,4,4,3,3,3,1,1,3,1,1,1,1,2,4,0
"359",359,1,0,4,3,4,4,4,4,5,3,5,3,4,4,4,4,1,1,3,2,1,0,4,4,4,3,0,0,0,1,4,1,1,0,8,1,2,1,2,1,2,5,3,4,4,5,2,1,1,3,4,4,4,5,3,1,2,2,1,0,2,1,1,7,0
"360",360,1,0,4,4,4,5,5,5,5,4,5,5,4,5,5,5,3,3,4,2,1,0,0,3,4,3,2,2,1,1,3,0,0,0,3,0,2,0,6,1,3,5,5,4,5,5,5,2,2,4,5,5,5,5,3,2,1,1,1,0,2,1,1,7,0
"361",361,6,1,3,3,3,3,3,4,4,3,4,3,3,3,4,4,4,4,3,1,1,0,4,4,2,4,4,4,0,1,4,0,1,5,6,1,6,1,1,1,3,3,3,3,3,4,3,4,4,3,3,3,4,4,1,1,2,2,1,1,1,1,1,7,0
"362",362,1,1,5,5,5,4,4,5,5,5,5,5,4,4,5,4,2,3,4,1,1,0,4,4,4,3,0,3,0,1,4,1,1,9,22,1,2,3,2,0,4,5,5,4,4,5,4,1,3,4,4,4,5,5,1,1,3,2,1,1,1,1,1,7,0
"363",363,6,1,4,3,4,4,3,3,4,2,3,5,3,2,4,4,5,4,4,1,1,0,4,4,4,4,4,4,1,1,2,1,0,0,4,1,4,1,7,1,2,3,5,3,2,4,4,5,4,4,4,3,3,4,1,1,1,3,1,1,1,1,1,7,0
"364",364,1,1,4,5,4,5,4,5,5,4,4,5,4,5,5,5,2,4,4,1,1,0,4,3,4,4,4,4,1,1,4,1,0,10,2,1,0,0,2,1,4,4,5,4,5,5,5,2,4,4,4,4,5,5,0,0,1,1,1,0,1,1,1,7,0
"365",365,2.35368956743003,0,3,2,2,2,4,1,5,2,1,2,2,3,4,2,1,1,2,2,1,1,4,4,3,4,3,4,1,1,3,1,1,20,10,1,0,1,2,1,3,1,3,2,3,3,2,1,1,2,1,4,1,5,3,2,1,3,3,0,1,1,1,7,0
"366",366,5,0,5,4,4,5,5,5,5,5,5,5,4,5,4,4,3,2,4,2,1,0,3,4,4,4,0,4,1,1,3,1,1,2,5,1,1,0,2,1,5,5,5,4,4,4,4,2,3,4,5,5,5,5,3,2,1,1,1,1,1,1,1,7,0
"367",367,6,1,3,4,4,4,4,4,4,4,4,4,5,3,3,3,5,4,4,1,1,1,4,3,3,4,4,3,1,1,4,0,1,2,1,1,3,2,2.49051490514905,1,4,4,4,4,3,3,3,4,4,4,4,3,4,4,2,2,3,1,1,2,1,2,1,7,0
"368",368,3,1,3,3,3,4,4,3,4,3,4,4,3,3,3,3,2,3,3,1,1,0,3,3,3,3,3,3,1,0,3.34117647058824,0,1,5,4,1,3,0,1,1,3,3,3,3,3,3,3,2,3,3,4,4,4,4,3,3,2,1,1,1,2,1,1,7,0
"369",369,2,0,4,2,2,5,4,4,3,3,4,3,5,5,5,4,4,4,4,1,1,1,4,4,4,4,0,4,1,1,4,1,1,7,10,1,6,2,2,1,3,4,3,5,5,4,4,4,4,4,4,4,3,3,3,2,3,1,1,1,1,1,1,7,0
"370",370,6,1,4,5,5,4,5,4,5,5,5,5,3,3,4,5,5,4,5,1,1,0,4,4,4,4,2,3,0,1,3,1,1,4,3,1,5,1,1,1,5,5,5,3,4,4,5,5,3,5,4,5,4,5,1,1,2,2,2,1,1,1,1,7,0
"371",371,5,0,4,4,4,5,5,5,5,3,5,4,5,5,3,3,3,2,4,2,1,0,3,3,3,0,0,0,1,1,4,0,1,1,5,2,3,0,2,1,3,5,3,5,5,3,3,3,3,4,5,5,5,5,3,3,3,2,1,1,1,1,2,2,0
"372",372,1,0,5,5,5,4,4,4,4,3,5,3,4,4,5,5,5,4,5,1,1,1,4,4,4,4,0,4,1,1,4,1,1,2,5,1,1,0,2,1,3,5,3,4,4,5,5,4,4,4,4,4,4,4,2,1,1,2,1,1,2,1,1,7,0
"373",373,6,1,4,3,4,5,5,5,5,5,3,5,4,4,5,5,3,5,5,1,1,1,3,4,4,0,2,0,1,1,3,0,1,18,1,1,0,0,7,1,5,3,4,5,4,4,4,4,5,5,5,5,5,5,2,2,2,1,1,0,1,1,1,7,0
"374",374,3,1,3,3,3,3,4,4,5,3,5,3,4,4,3,3,5,4,4,0,0,0,4,4,4,3,3,2,1,0,3.34117647058824,0,0,10,2,1,0,0,4,1,3,5,3,4,4,3,3,5,4,4,3,4,5,5,1,0,2,2,1,1,2,1,1,7,0
"375",375,1,0,4,4,4,4,4,4,4,4,4,4,4,4,4,4,4,4,4,1,1,0,4,4,4,4,0,4,1,1,3,0,0,0,9,1,3,1,2,1,4,4,4,4,4,4,4,4,4,4,4,4,4,4,2,2,1,1,1,1,1,1,2,4,0
"376",376,1,0,4,2,3,2,3,1,5,3,5,2,4,4,3,2,4,2,3.71788413098237,1,1,1,4,4,4,3,0,0,1,1,4,0,0,0,3,0,1,0,2,1,3,5,2,4,4,3,2,4,2,3,2,3,1,5,1,3,2,1,1,1,1,1,1,7,0
"377",377,6,1,4,3,3,5,4,3,4,4,5,4,4,4,4,4,4,4,4,1.09438775510204,1,1,4,4,4,4,4,4,0,1,4,0,1,2,10,1,9,1,4,1,4,5,4,4,4,4,4,4,4,4,5,4,3,4,1,1,1,2,2,1,1,1,2,4,0
"378",378,1,1,4,4,4,4,4,4,4,5,5,5,4,4,4,4,4,4,4,1,1,1,4,4,4,4,4,4,1,1,3,1,0,10,3,1,0,1,1,1,4,5,5,3,4,4,4,3,3,4,5,5,5,5,3,2,1,1,1,1,2,2,1,7,0
"379",379,1,1,4,5,3.72613065326633,4,4,4,4,5,4,5,4,3,5,3,5,3,4,1,1,1,4,4,3,0,3,3,0,1,3,0,1,3,5,1,2,1,1,1,5,5,5,4,3,5,3,5,3,4,4,4,4,4,2,2,2,2,2,0,2,1,2,2,0
"380",380,1,1,3,3,3,4,4,3,4,3,4,4,4,3,5,2,2,5,4,1,1,0,4,4,4,4,4,4,1,1,4,0,0,10,3,0,0,0,5,1,4,5,4,4,3,5,2,2,5,4,4,4,4,4,3,1,2,2,1,1,1,1,1,7,0
"381",381,1,1,4,4,4,4,4,4,5,5,5,5,4,4,4,3,5,3,5,1,1,1,3,4,3,4,4,4,1,1,3,1,1,8,5,1,4,1,1,1,5,5,5,4,4,3,3,5,3,5,4,4,4,5,2,2,1,1,1,1,1,1,1,7,0
"382",382,1,0,4,2,3,4,5,3,5,5,2,4,4,4,2,3,5,1,3,1,1,1,2,2,2,2,0,0,1,1,3,1,0,2,6,1,1,0,2,1,4,1,4,4,4,2,3,3.54241645244216,1,3,4,4,4,4,3,2,1,1,2,0,2,2,2,4,0
"383",383,1,1,4,4,4,4,4,4,4,5,5,5,3,4,4,4,5,5,4,1,1,1,4,4,4,4,3,4,1,0,3.34117647058824,0,1,6,12,1,3,3,2,1,5,5,5,3,4,4,4,5,4,4,4,4,4,4,1,1,1,1,1,1,1,1,1,7,0
"384",384,1,0,4,4,4,4,5,4,5,4,4,4,4,4,4,3,5,3,4,1,1,0,4,4,4,3,3,3,0,1,4,1,0,4,8,1,4,1,6,1,4,4,4,4,4,4,3,5,3,4,4,5,4,5,3,2,2,2,1,1,1,1,1,7,0
"385",385,1,0,5,3,4,5,4,4,4,5,5,5,5,4,3,4,5,4,5,0,1,1,4,4,4,4,0,0,1,1,4,1,1,2,7,1,2,1,2,1,5,5,5,5,5,4,4,5,3,5,5,5,5,5,3,0,1,1,1,1,1,1,2,4,0
"386",386,1,0,5,3,4,3,4,3,5,4,5,4,4,4,5,5,5,3,4,1,1,1,4,4,4,4,2,4,0.608695652173913,1,4,1,1,3,7,1,5,0,2,1,4,5,4,4,4,5,4,5,3,4,3,4,3,5,3,3,2,2,2,0,2,1,1,7,0
"387",387,3,1,3,3,3,2,4,4,4,3,4,4,3,3,2,3,2,3,2,1,1,1,4,4,4,4,4,4,0,0,3.34117647058824,0,0,5,7,1,2,2,1,1,3,4,4,2,2,3,3,2,3,2,2,4,4,4,1,1,1,2,1,1,1,1,1,7,0
"388",388,4,1,5,4,4,4,4,4,5,5,5,5,5,5,2,4,2,1,4,2,1,0,4,4,4,3,1,2,0,1,4,0,1,0,10,1,3,2,1,1,4,5,5,3.61282051282051,3.78205128205128,3.65217391304348,3.59125964010283,3.54241645244216,3.13624678663239,3.71794871794872,4.01282051282051,4.07435897435897,3.94871794871795,4.32307692307692,3,1,2,2,1,0,2,1,1,7,0
"389",389,1,0,4,4,5,4,4,5,5,5,5,4,4,4,5,4,5,5,4,1,1,1,3.56532663316583,4,4,4,4,4,1,1,4,1,1,2,11,1,9,1,1,1,5,5,4,4,4,5,3,5,4,4,4,4,5,5,2,3,1,1,1,1,1,1,1,7,0
"390",390,3,1,4,3,3,3,4,4,4,3,3,3,3,3,4,3,5,4,3,1,1,1,4,4,4,3,3,3,0,1,3,0,0,5,10,1,5,2,1,1,3,3,3,3,3,3,3,3,3,3,3,4,4,3,2,1,2,1,1,0,2,1,1,7,0
"391",391,3,1,3,3,3,4,3,3,5,3,3,3,2,3,3,3,5,2,3,1,1,1,4,4,4,4,4,3,0,1,3,0,0,20,5,0,3,1,1,1,3,3,3,3,3,3,3,3,3,3,3,3,3,3,1,3,2,2,1,0,1,1,1,7,0
"392",392,1,0,4,4,4,4,4,4,5,4,4,4,3,4,2,2,5,4,3,1,1,1,3,3,3,2,1,2,1,1,4,0,0,3,10,1,1,2,2,1,3,4,4,3,4,3,3,3,3,3,4,4,4,5,3,2,3,2,1,1,2,1,2,2,0
"393",393,1,1,3,4,3,4,4,5,4,5,5,5,3,3,4,3,2,2,3,1,1,1,4,4,4,4,0,0,1,1,3,1,1,2,5,1,2,2,1,1,5,5,5,3,3,3,3,2,2,3,4,4,5,4,1,2,1,1,1,0,2,1,2,2,0
"394",394,6,1,4,3,4,5,4,4,4,4,2,5,3,3,5,4,4,4,4,1,1,0,4,4,4,4,3,4,0,1,3,1,1,0,6,1,1,3,2,1,4,2,5,3,3,5,4,3,4,4,5,4,4,4,1,2,1,1,1,1,2,1,1,7,0
"395",395,1,0,3,3,3,3,4,4,5,3,2,4,4,3,2,2,2,2,3,2,1,0,3,3,4,4,4,3,1,1,4,0,0,4,3,1,1,1,2,0,3,2,4,4,3,2,2,2,2,3,3,4,4,5,2,2,1,1,1,1,2,1,2,2,0
"396",396,1,1,5,4,4,5,5,5,5,4,5,5,4,4,4,4,3,4,4,1,1,1,4,4,4,4,3,4,1,1,4,0,1,3,8,1,2,0,2.49051490514905,1,4,4,5,5,5,5,5,3,4,5,5,5,5,5,1,2,1,1,1,1,1,2,1,7,0
"397",397,1,0,4,3,3,3,4,4,5,3,5,4,3,3,3,2,1,4,3,1,1,0,3,3,4,4,0,0,1,1,4,0,0,1,9,1,1,1,2,1,3,5,4,3,3,3,3,1,4,3,4,4,4,5,2,2,3,3,1,1,2,1,1,7,0
"398",398,1,1,2,2,2,2,5,3,4,3,2,4,4,2,3,2,1,1,2,1,1,1,3,4,3,4,2,3,1,1,4,0,1,11,1,1,1,0,7,1,3.70175438596491,4.17293233082707,3.93483709273183,3.61282051282051,3.78205128205128,3.65217391304348,3.59125964010283,3.54241645244216,3.13624678663239,3.71794871794872,4.01282051282051,4.07435897435897,3.94871794871795,4.32307692307692,1.82278481012658,1.53452685421995,1.56598984771574,1.54936708860759,1.26075949367089,0.754430379746835,1,1,1,7,0
"399",399,1,0,5,3,4,4,5,4,5,4,2,5,5,5,2,5,5,4,4,1,1,0,3,3,2,0,0,0,1,1,4,1,0,0,1,0,0,0,2,1,4,2,5,5,5,2,4,5,3,5,4,5,4,4,2,2,2,2,2,0,1,2,1,7,0
"400",400,1,1,4,2,3,4,2,4,5,3,4,3,4,3,3,4,3,1,3,1,1,1,3,4,4,4,1,3,0,1,4,1,1,6,1,0,3,1,1,1,3,4,3,3,3,3,4,3,1,3,4,1,4,5,3,1,2,2,1,1,2,1,1,7,0
